CategoryCode,SubCategoryCode,
ALPHASEW,PFW*,
ALPHASEW,PW*,
ATTACHMT,BTHD,
ATTACHMT,CUTTER,
ATTACHMT,RF,
B/C,B/C-B,
B/C,B/C-BBL,
B/C,B/C-BR,
B/C,B/C-E,
B/C,B/C-K,
B/C,B/C-N,
B/C,B/C-NH,
B/C,B/C-P,
B/C,B/C-R,
B/C,B/C-S,
B/C,B/C-V,
B/C,B/C-W,
B/C,B/CP,
B/CP,B/CP-LATCH,
B/CP,B/CP-RET,
B/CP,B/CP-SO,
B/CP,B/CP-STOP,
B/CP,B/CP-TS,
B/CP-SO,B/CP-BBL,
B/CP-SO,B/CP-S,
B/WD,B/WD-B,
B/WD,B/WD-BR,
B/WD,B/WD-E,
B/WD,B/WD-K,
B/WD,B/WD-NH,
B/WD,B/WD-P,
B/WD,B/WD-S,
B/WD,B/WD-T,
B/WD,B/WD-V,
B/WD,B/WD-W,
B/WD,B/WP,
B/WD,B/WT,
B/WD,SPG-BWD,
B/WP,B/WPGUIDE,
BBL,BL1000,
BBL,BL1050,
BBL,BL1108,
BBL,BL1170,
BBL,BL137A,
BBL,BL137A2,
BBL,BL1400,
BBL,BL15,
BBL,BL1500,
BBL,BL1506,
BBL,BL1550,
BBL,BL1556,
BBL,BL16,
BBL,BL17,
BBL,BL1750,
BBL,BL18,
BBL,BL200,
BBL,BL2000,
BBL,BL21,
BBL,BL2100,
BBL,BL2150,
BBL,BL2160,
BBL,BL22,
BBL,BL2200,
BBL,BL23,
BBL,BL2300,
BBL,BL2400,
BBL,BL2500,
BBL,BL2600,
BBL,BL2800,
BBL,BL3000,
BBL,BL3500,
BBL,BL37,
BBL,BL3800,
BBL,BL40,
BBL,BL4000,
BBL,BL40A,
BBL,BL415,
BBL,BL428K,
BBL,BL430,
BBL,BL4300,
BBL,BL432,
BBL,BL4350D,
BBL,BL450,
BBL,BL500,
BBL,BL5000,
BBL,BL5020,
BBL,BL550,
BBL,BL5500,
BBL,BL60,
BBL,BL6000,
BBL,BL60E,
BBL,BL6150,
BBL,BL6200,
BBL,BL6220,
BBL,BL6300,
BBL,BL6500,
BBL,BL6600,
BBL,BL6621,
BBL,BL6700,
BBL,BL6800,
BBL,BL7000,
BBL,BL702,
BBL,BL712,
BBL,BL713,
BBL,BL722,
BBL,BL7500,
BBL,BL7800,
BBL,BL8000,
BBL,BL803,
BBL,BL804,
BBL,BL843,
BBL,BL843D,
BBL,BL8500,
BBL,BL8800,
BBL,BL9,
BBL,BL9500,
BBL,BLBMP6,
BBL,BLCC2,
BBL,BLCC9,
BBL,BLDC,
BBL,BLDC2,
BBL,BLEM1,
BBL,BLEM2,
BBL,BLEMP6,
BBL,BLES1,
BBL,BLES12,
BBL,BLESE,
BBL,BLESE2,
BBL,BLESG,
BBL,BLESG2,
BBL,BLESG3,
BBL,BLESL,
BBL,BLESN,
BBL,BLESP,
BBL,BLESP2,
BBL,BLESPREE,
BBL,BLG2,
BBL,BLINT,
BBL,BLMR,
BBL,BLQC,
BBL,BLQC2,
BBL,BLQC9,
BBL,BLQP,
BBL,BLR,
BBL,BLR2,
BBL,BLR3,
BBL,BLSO,
BBL,BLSR,
BBL,BLSX,
BBL,BLSY,
BBL,BLTP,
BBL,TA793,
BBL-SR,BL101,
BBL-SR,BL202,
BBL-SR,BL3-318,
BBL-SR,BL3-402,
BBL-SR,BL3-406,
BBL-SR,BL3-407,
BBL-SR,BL3-408,
BBL-SR,BL3-416,
BBL-SR,BL3-417,
BBL-SR,BL3-418,
BBL-SR,BL3-426,
BBL-SR,BL3-428D,
BBL-SR,BL3-428K,
BBL-SR,BL3-437,
BBL-SR,BL3-437D,
BBL-SR,BL300,
BBL-SR,BL302,
BBL-SR,BL3200,
BBL-SR,BL4-428,
BBL-SR,BL4-428D,
BBL-SR,BL4-428NS,
BBL-SR,BL4-436,
BBL-SR,BL4-436D,
BBL-SR,BL4-436DF,
BBL-SR,BL4-605,
BBL-SR,BL4-625,
BBL-SR,BL4-714,
BBL-SR,BL4-728,
BBL-SR,BL4-728D,
BBL-SR,BL4-736,
BBL-SR,BL4-736D,
BBL-SR,BL4-738,
BBL-SR,BL4-738D,
BBL-SR,BL4-738NS,
BBL-SR,BL4-838D,
BBL-SR,BL400,
BBL-SR,BL402,
BBL-SR,BL415,
BBL-SR,BL428K,
BBL-SR,BL430,
BBL-SR,BL432,
BBL-SR,BL4350D,
BBL-SR,BL450,
BBL-SR,BL5030,
BBL-SR,BL5040,
BBL-SR,BL5040L,
BBL-SR,BL5180,
BBL-SR,BL5180ENS,
BBL-SR,BL5180NS,
BBL-SR,BL5260,
BBL-SR,BL5260D,
BBL-SR,BL5280E,
BBL-SR,BL5280ED,
BBL-SR,BL5280ENS,
BBL-SR,BL5360ED,
BBL-SR,BL5370ED,
BBL-SR,BL5380ED,
BBL-SR,BL80,
BBL-SR,BL803,
BBL-SR,BL804,
BBL-SR,BL843,
BBL-SR,BL90,
BBL-SR,BLCC,
BBL-SR,BLCS,
BBL-SR,BLDC,
BBL-SR,BLE1,
BBL-SR,BLE1AT,
BBL-SR,BLE1DX,
BBL-SR,BLE1LX,
BBL-SR,BLE1SX,
BBL-SR,BLE3ATW,
BBL-SR,BLE8,
BBL-SR,BLE8W,
BBL-SR,BLEA605,
BBL-SR,BLEAC,
BBL-SR,BLEF405,
BBL-SR,BLEMB6,
BBL-SR,BLEMB7,
BBL-SR,BLG,
BBL-SR,BLN,
BBL-SR,BLQC,
BBL-SR,BLSE200,
BBL-SR,BLSE3,
BBL-SR,BLSE300,
BERNETTE,B003,
BERNETTE,B003D,
BERNETTE,B004,
BERNETTE,B004D,
BERNETTE,B006D,
BERNETTE,B007,
BERNETTE,B007D,
BERNETTE,B008,
BERNETTE,B008D,
BERNETTE,B009D,
BERNETTE,B009DC,
BERNETTE,B1100,
BERNETTE,B1100DA,
BERNETTE,B1100MDA,
BERNETTE,B1200,
BERNETTE,B1200DA,
BERNETTE,B1300DC,
BERNETTE,B1300MDC,
BERNETTE,B134,
BERNETTE,B134D,
BERNETTE,B134DL,
BERNETTE,B2000D,
BERNETTE,B2000DCE,
BERNETTE,B2000DE,
BERNETTE,B203,
BERNETTE,B204,
BERNETTE,B234,
BERNETTE,B2500DCE,
BERNETTE,B334,
BERNETTE,B334D,
BERNETTE,B334DS,
BERNETTE,B335,
BERNETTE,B335D,
BERNETTE,B335DS,
BERNETTE,B410,
BERNETTE,B420,
BERNETTE,B50,
BERNETTE,B700D,
BERNETTE,B715,
BERNETTE,B800,
BERNETTE,B800D,
BERNETTE,B800DL,
BERNINA,B100,
BERNINA,B1000,
BERNINA,B1000+,
BERNINA,B1001,
BERNINA,B1004,
BERNINA,B1005,
BERNINA,B1006,
BERNINA,B1008,
BERNINA,B1010,
BERNINA,B1011,
BERNINA,B1015,
BERNINA,B1020,
BERNINA,B1030,
BERNINA,B1031,
BERNINA,B1070,
BERNINA,B1080,
BERNINA,B1090,
BERNINA,B110,
BERNINA,B1120,
BERNINA,B1130,
BERNINA,B1150MDA,
BERNINA,B117,
BERNINA,B120,
BERNINA,B121,
BERNINA,B1230,
BERNINA,B125,
BERNINA,B1260,
BERNINA,B130,
BERNINA,B135,
BERNINA,B140,
BERNINA,B145,
BERNINA,B150,
BERNINA,B153,
BERNINA,B1530,
BERNINA,B155,
BERNINA,B160,
BERNINA,B163,
BERNINA,B1630,
BERNINA,B165,
BERNINA,B170,
BERNINA,B180,
BERNINA,B185,
BERNINA,B190,
BERNINA,B200,
BERNINA,B210,
BERNINA,B215,
BERNINA,B217,
BERNINA,B220,
BERNINA,B230,
BERNINA,B230PE,
BERNINA,B320,
BERNINA,B330,
BERNINA,B340,
BERNINA,B400,
BERNINA,B410,
BERNINA,B420,
BERNINA,B430,
BERNINA,B435,
BERNINA,B440,
BERNINA,B450,
BERNINA,B50,
BERNINA,B500,
BERNINA,B530,
BERNINA,B532,
BERNINA,B534,
BERNINA,B540,
BERNINA,B60,
BERNINA,B600,
BERNINA,B610,
BERNINA,B630,
BERNINA,B640,
BERNINA,B642,
BERNINA,B644,
BERNINA,B70,
BERNINA,B700,
BERNINA,B700D,
BERNINA,B701,
BERNINA,B707,
BERNINA,B708,
BERNINA,B709,
BERNINA,B710,
BERNINA,B715,
BERNINA,B717,
BERNINA,B718,
BERNINA,B719,
BERNINA,B727,
BERNINA,B728,
BERNINA,B729,
BERNINA,B730,
BERNINA,B731,
BERNINA,B732,
BERNINA,B740,
BERNINA,B740E,
BERNINA,B741,
BERNINA,B742,
BERNINA,B744,
BERNINA,B750,
BERNINA,B80,
BERNINA,B801,
BERNINA,B801S,
BERNINA,B802,
BERNINA,B802S,
BERNINA,B803,
BERNINA,B803S,
BERNINA,B807,
BERNINA,B808,
BERNINA,B809,
BERNINA,B810,
BERNINA,B811,
BERNINA,B817,
BERNINA,B818,
BERNINA,B819,
BERNINA,B830,
BERNINA,B831,
BERNINA,B832,
BERNINA,B833,
BERNINA,B840,
BERNINA,B841,
BERNINA,B842,
BERNINA,B850,
BERNINA,B900,
BERNINA,B910,
BERNINA,B930,
BERNINA,B931,
BERNINA,B932,
BERNINA,B933,
BERNINA,B940,
BERNINA,B950,
BERNINA,BDC500,
BERNINA,BDC600,
BERNINA,BDC650,
BOBN,BOBN-B,
BOBN,BOBN-BBL,
BOBN,BOBN-BR,
BOBN,BOBN-E,
BOBN,BOBN-K,
BOBN,BOBN-N,
BOBN,BOBN-NH,
BOBN,BOBN-P,
BOBN,BOBN-R,
BOBN,BOBN-S,
BOBN,BOBN-V,
BOBN,BOBN-W,
BR-VX,BRVX1010,
BR-VX,BRVX1020,
BR-VX,BRVX1090,
BR-VX,BRVX1100,
BR-VX,BRVX1120,
BR-VX,BRVX1125,
BR-VX,BRVX1140,
BR-VX,BRVX1200,
BR-VX,BRVX1400,
BR-VX,BRVX1435,
BR-VX,BRVX2051,
BR-VX,BRVX2810,
BR-VX,BRVX520,
BR-VX,BRVX540,
BR-VX,BRVX560,
BR-VX,BRVX620,
BR-VX,BRVX640,
BR-VX,BRVX645,
BR-VX,BRVX660,
BR-VX,BRVX700,
BR-VX,BRVX707,
BR-VX,BRVX710,
BR-VX,BRVX757,
BR-VX,BRVX760,
BR-VX,BRVX780,
BR-VX,BRVX800,
BR-VX,BRVX802,
BR-VX,BRVX807,
BR-VX,BRVX808,
BR-VX,BRVX809,
BR-VX,BRVX810,
BR-VX,BRVX847,
BR-VX,BRVX857,
BR-VX,BRVX870,
BR-VX,BRVX880,
BR-VX,BRVX890,
BR-VX,BRVX900,
BR-VX,BRVX920,
BR-VX,BRVX940,
BR-VX,BRVX950,
BR-VX,BRVX970,
BR-VX,BRVX980,
BR-XL,BRXL1351,
BR-XL,BRXL1561,
BR-XL,BRXL1781,
BR-XL,BRXL2005,
BR-XL,BRXL2010,
BR-XL,BRXL2015,
BR-XL,BRXL2020,
BR-XL,BRXL2021,
BR-XL,BRXL2022,
BR-XL,BRXL2025,
BR-XL,BRXL2030,
BR-XL,BRXL2120,
BR-XL,BRXL2121,
BR-XL,BRXL2130,
BR-XL,BRXL2140,
BR-XL,BRXL2150,
BR-XL,BRXL2220,
BR-XL,BRXL2230,
BR-XL,BRXL2240,
BR-XL,BRXL2250,
BR-XL,BRXL2600,
BR-XL,BRXL2600I,
BR-XL,BRXL2610,
BR-XL,BRXL2620,
BR-XL,BRXL3010,
BR-XL,BRXL3022,
BR-XL,BRXL3025,
BR-XL,BRXL3027,
BR-XL,BRXL3030,
BR-XL,BRXL3100,
BR-XL,BRXL3200,
BR-XL,BRXL3500,
BR-XL,BRXL3500T,
BR-XL,BRXL3510,
BR-XL,BRXL3520,
BR-XL,BRXL3750,
BR-XL,BRXL3800,
BR-XL,BRXL4001,
BR-XL,BRXL4010,
BR-XL,BRXL4020,
BR-XL,BRXL4030,
BR-XL,BRXL4040,
BR-XL,BRXL4050,
BR-XL,BRXL4060,
BR-XL,BRXL5001,
BR-XL,BRXL5010,
BR-XL,BRXL5011,
BR-XL,BRXL5012,
BR-XL,BRXL5020,
BR-XL,BRXL5021,
BR-XL,BRXL5022,
BR-XL,BRXL5030,
BR-XL,BRXL5031,
BR-XL,BRXL5032,
BR-XL,BRXL5050,
BR-XL,BRXL5060,
BR-XL,BRXL5070,
BR-XL,BRXL5100,
BR-XL,BRXL5130,
BR-XL,BRXL5132,
BR-XL,BRXL5200,
BR-XL,BRXL5232,
BR-XL,BRXL5300,
BR-XL,BRXL5340,
BR-XL,BRXL5500,
BR-XL,BRXL5600,
BR-XL,BRXL5700,
BR-XL,BRXL6040,
BR-XL,BRXL6050,
BR-XL,BRXL6060,
BR-XL,BRXL622,
BR-XL,BRXL6452,
BR-XL,BRXL6552,
BR-XL,BRXL6562,
BR-XL,BRXL700,
BR-XL,BRXL702,
BR-XL,BRXL703,
BR-XL,BRXL711,
BR-XL,BRXL781,
BR-XL,BRXL791,
BR-XL,BRXL851,
BRCS,BRCS100,
BRCS,BRCS100T,
BRCS,BRCS4000,
BRCS,BRCS4000T,
BRCS,BRCS5000,
BRCS,BRCS5100,
BRCS,BRCS6000,
BRCS,BRCS6000I,
BRCS,BRCS6000T,
BRCS,BRCS7000,
BRCS,BRCS770,
BRCS,BRCS8000,
BRCS,BRCS8060,
BRCS,BRCS8072,
BRCS,BRCS8079,
BRCS,BRCS8100,
BRCS,BRCS8150,
BRCS,BRCS8200,
BRLS,BRLS-1217,
BRLS,BRLS-1520,
BRLS,BRLS-1529,
BRLS,BRLS-1717,
BRLS,BRLS-2020,
BRLS,BRLS-2125,
BRLS,BRLS-2125I,
BRLS,BRLS-2135,
BRLS,BRLS-2720,
BRLS,BRLS-2725,
BRLS,BRLS-2820,
BRLS,BRLS-2825,
BRLS,BRLS-2920,
BRLS,BRLS-3125,
BRLS,BRLS590,
BRNV,BRNV1000,
BRNV,BRNV1000D,
BRNV,BRNV1200,
BRNV,BRNV1250D,
BRNV,BRNV1500,
BRNV,BRNV1500D,
BRNV,BRNV200,
BRNV,BRNV2500,
BRNV,BRNV2500D,
BRNV,BRNV2800D,
BRNV,BRNV350E,
BRNV,BRNV400,
BRNV,BRNV4000,
BRNV,BRNV4000D,
BRNV,BRNV4500D,
BRNV,BRNV500D,
BRNV,BRNV600,
BRNV,BRNV700E,
BRNV,BRNV750D,
BRNV,BRNV750E,
BRNV,BRNV780D,
BRNV,BRNV900,
BRNX,BRNX200,
BRNX,BRNX250,
BRNX,BRNX400,
BRNX,BRNX450,
BRNX,BRNX600,
BRNX,BRNX650,
BRNX,BRNX800,
BROTHER,BR-VX,
BROTHER,BR-XL,
BROTHER,BR1035,
BROTHER,BR110,
BROTHER,BR1243,
BROTHER,BR1283,
BROTHER,BR1351,
BROTHER,BR1561,
BROTHER,BR1681,
BROTHER,BR1781,
BROTHER,BR190,
BROTHER,BR191,
BROTHER,BR210,
BROTHER,BR221,
BROTHER,BR268,
BROTHER,BR280,
BROTHER,BR290,
BROTHER,BR320,
BROTHER,BR350,
BROTHER,BR360,
BROTHER,BR4000D,
BROTHER,BR450,
BROTHER,BR451,
BROTHER,BR461,
BROTHER,BR530,
BROTHER,BR625,
BROTHER,BR641,
BROTHER,BR645,
BROTHER,BR651,
BROTHER,BR661,
BROTHER,BR666FB,
BROTHER,BR671,
BROTHER,BR681,
BROTHER,BR741,
BROTHER,BR751,
BROTHER,BR761,
BROTHER,BR781,
BROTHER,BR8015,
BROTHER,BR845,
BROTHER,BR851,
BROTHER,BR895,
BROTHER,BR991,
BROTHER,BRBC1000,
BROTHER,BRBM2600,
BROTHER,BRCE2000,
BROTHER,BRCE4000,
BROTHER,BRCE5000,
BROTHER,BRCE5000PR,
BROTHER,BRCE6000,
BROTHER,BRCP6500,
BROTHER,BRCS,
BROTHER,BRES2000,
BROTHER,BRES2010,
BROTHER,BRES2020,
BROTHER,BRES2200,
BROTHER,BRES2210,
BROTHER,BRES2220,
BROTHER,BRES2400,
BROTHER,BRES2410,
BROTHER,BRES2420,
BROTHER,BREX660,
BROTHER,BRGS2700,
BROTHER,BRHANAMI,
BROTHER,BRHE240,
BROTHER,BRHS1000,
BROTHER,BRINNOV40,
BROTHER,BRINNOV80,
BROTHER,BRL25,
BROTHER,BRLS,
BROTHER,BRLX1700,
BROTHER,BRNV,
BROTHER,BRNX,
BROTHER,BRPC,
BROTHER,BRPE,
BROTHER,BRPQ1300,
BROTHER,BRPQ1500,
BROTHER,BRPQ1500S,
BROTHER,BRPR1000,
BROTHER,BRPRES30,
BROTHER,BRPS,
BROTHER,BRPX100,
BROTHER,BRR5240,
BROTHER,BRRS15,
BROTHER,BRSB,
BROTHER,BRSE270D,
BROTHER,BRSE350,
BROTHER,BRSE400,
BROTHER,BRSE425,
BROTHER,BRSL300,
BROTHER,BRSM6500PR,
BROTHER,BRSTAR,
BROTHER,BRULT2001,
BROTHER,BRULT2002,
BROTHER,BRULT2003,
BROTHER,BRXQ2700,
BROTHER,BRXR,
BROTHER2,BR1034D,
BROTHER2,BR1134D,
BROTHER2,BR2034D,
BROTHER2,BR2340CV,
BROTHER2,BR234D,
BROTHER2,BR3034D,
BROTHER2,BR4000D,
BROTHER2,BR523,
BROTHER2,BR523N,
BROTHER2,BR524,
BROTHER2,BR524N,
BROTHER2,BR524NL,
BROTHER2,BR525,
BROTHER2,BR525N,
BROTHER2,BR525NL,
BROTHER2,BR526,
BROTHER2,BR526D,
BROTHER2,BR530,
BROTHER2,BR535,
BROTHER2,BR535D,
BROTHER2,BR535N,
BROTHER2,BR546,
BROTHER2,BR546D,
BROTHER2,BR625,
BROTHER2,BR626,
BROTHER2,BR626D,
BROTHER2,BR634D,
BROTHER2,BR640D,
BROTHER2,BR7029,
BROTHER2,BR730,
BROTHER2,BR730D,
BROTHER2,BR730DE,
BROTHER2,BR734D,
BROTHER2,BR760,
BROTHER2,BR760D,
BROTHER2,BR760DE,
BROTHER2,BR760E,
BROTHER2,BR834D,
BROTHER2,BR834DP,
BROTHER2,BR870,
BROTHER2,BR900D,
BROTHER2,BR920,
BROTHER2,BR920D,
BROTHER2,BR925D,
BROTHER2,BR929D,
BROTHER2,BR934,
BROTHER2,BR934D,
BROTHER2,BR934DF,
BROTHER2,BR935D,
BROTHER2,BR9600TD,
BROTHER2,BR9700LD,
BROTHER2,BR9800LD,
BROTHER2,BRDZ1234,
BROTHER2,BRPL-1050,
BROTHER2,BRPL-1500,
BROTHER2,BRPL-1600,
BROTHER2,BRPL-2000,
BROTHER2,BRPL-2100,
BROTHER2,BRPL-950,
BRPC,BRPC1700,
BRPC,BRPC1950,
BRPC,BRPC210,
BRPC,BRPC210PRW,
BRPC,BRPC2800,
BRPC,BRPC3000,
BRPC,BRPC4000,
BRPC,BRPC420PRW,
BRPC,BRPC5000,
BRPC,BRPC6000,
BRPC,BRPC6500,
BRPC,BRPC7000,
BRPC,BRPC7500,
BRPC,BRPC8000,
BRPC,BRPC8895,
BRPC,BRPC9000,
BRPE,BRPE100,
BRPE,BRPE150,
BRPE,BRPE180,
BRPE,BRPE180D,
BRPE,BRPE200,
BRPE,BRPE300,
BRPE,BRPE300S,
BRPE,BRPE400D,
BRPE,BRPE400S,
BRPE,BRPE450,
BRPE,BRPE500,
BRPE,BRPE700,
BRPE,BRPE700D,
BRPE,BRPE750,
BRPE,BRPE750D,
BRPE,BRPE750E,
BRPE,BRPE770,
BRPE,BRPE780D,
BRPE,BRPE8200,
BRPE,BRPE8500,
BRPS,BRPS-1000,
BRPS,BRPS-1200,
BRPS,BRPS-1250,
BRPS,BRPS-1700,
BRPS,BRPS-1750,
BRPS,BRPS-1800,
BRPS,BRPS-1900,
BRPS,BRPS-1950,
BRPS,BRPS-2100,
BRPS,BRPS-2200,
BRPS,BRPS-2230,
BRPS,BRPS-2250,
BRPS,BRPS-2300,
BRPS,BRPS-2360,
BRPS,BRPS-2400,
BRPS,BRPS-2470,
BRPS,BRPS-2500,
BRPS,BRPS-3100,
BRXR,BRXR16,
BRXR,BRXR21,
BRXR,BRXR23,
BRXR,BRXR27,
BRXR,BRXR29,
BRXR,BRXR31,
BRXR,BRXR33,
BRXR,BRXR34,
BRXR,BRXR35,
BRXR,BRXR37,
BRXR,BRXR40,
BRXR,BRXR46,
BRXR,BRXR52,
BRXR,BRXR52C,
BRXR,BRXR65,
BRXR,BRXR65T,
BRXR,BRXR7700,
BRXR,BRXR9000,
BT,BT-H,
BT,BT-MOTOR,
BT,BT-TIMING,
BT,BT-ZO,
BT-MOTOR,BT-B,
BT-MOTOR,BT-BBL,
BT-MOTOR,BT-BR,
BT-MOTOR,BT-E,
BT-MOTOR,BT-K,
BT-MOTOR,BT-NE,
BT-MOTOR,BT-NH,
BT-MOTOR,BT-PF,
BT-MOTOR,BT-R,
BT-MOTOR,BT-S,
BT-MOTOR,BT-V,
BT-MOTOR,BT-W,
BT-S,BT-SCOG,
BT-S,BT-SV,
BT-TIMING,BT-BBLT,
BT-TIMING,BT-BRT,
BT-TIMING,BT-BT,
BT-TIMING,BT-ET,
BT-TIMING,BT-KT,
BT-TIMING,BT-NET,
BT-TIMING,BT-NHT,
BT-TIMING,BT-PFT,
BT-TIMING,BT-RT,
BT-TIMING,BT-STM,
BT-TIMING,BT-VT,
BT-TIMING,BT-WT,
C-BC,C-BC-Z,
C-BD,CBD60,
C-BD,CBD64,
C-BD,CBD70,
C-BD,CBD72L,
C-BD,CBD75D,
C-BD,CBD75U,
C-FT,C-FTCOMP,
C-FT,C-FTCORD,
C-FT,C-FTHEM,
C-FT,C-FTLV,
C-FT,C-FTPP,
C-FT,C-FTQUILT,
C-FT,C-FTRAIS,
C-FT,C-FTRL,
C-FT,C-FTSHIRR,
C-FT,C-FTTF,
C-FT,C-FTTOP,
C-FT,C-FTWALK,
C-FT,C-FTZP,
C-FT,C-FTZZ,
C-FTWALK,C-FTPF,
C-FTWALK,C-FTPF1,
C-FTWALK,C-FTS,
C-FTWALK,C-FTS111G,
C-FTWALK,C-FTS111G1,
C-FTWALK,C-FTS16U,
C-FTWALK,C-FTWELT,
C-GG,112W 1-1/2,
C-GG,112W 1-1/4,
C-GG,112W 1-3/4,
C-GG,112W 11/32,
C-GG,112W-1,
C-GG,112W-1/2,
C-GG,112W-1/4,
C-GG,112W-3/16,
C-GG,112W-3/4,
C-GG,112W-3/8,
C-GG,112W-5/16,
C-GG,112W-5/8,
C-GG,112W-7/16,
C-GG,112W-7/8,
C-GG,112W-9/16,
C-GG,112W-9/32,
C-KF,C-KFB,
C-KF,C-KFJ,
C-KF,C-KFO,
C-LP,C-LPB,
C-LP,C-LPJ,
C-LP,C-LPO,
C-MC,C-MCO,
C-MH,I-MODEL,
C-MH,INDUSTRIAL,
C-NC,C-NB,
C-NC,C-PB,
C-ND,C-ND135X17,
C-ND,C-ND135X7,
C-ND,C-ND16X257,
C-ND,C-ND175X7,
C-ND,C-ND1955,
C-ND,C-ND88X1,
C-ND,ND-LEWIS,
C-ND,ND-PF,
C-ND,ND-RM,
C-ND,ND-US,
C-ND135X7,C-ND135X7B,
C-ND16X257,CND16X257B,
C-ND1955,CND1955B,
C-NP,C-NP2,
C-PT,C-PTBR,
C-PT,C-PTSR,
C-TS,C-TSP,
CD,CD-B,
CD,CD-BR,
CD,CD-E,
CD,CD-K,
CD,CD-NE,
CD,CD-NH,
CD,CD-PF,
CD,CD-R,
CD,CD-S,
CD,CD-T,
CD,CD-V,
CD,CD-W,
CD,CD-Z,
CD,CD-Z220,
CL,CL-BLADE,
CL,CL-SHARP,
CL,FISKARS,
CL,GINGHER,
CL,MUNDIAL,
CL,WISS,
CL-BLADE,CL-OLFA,
CL-BLADE,CL-OLFA-Z,
ELNA,E100,
ELNA,E1000,
ELNA,E101,
ELNA,E1010,
ELNA,E102,
ELNA,E103,
ELNA,E104,
ELNA,E11,
ELNA,E110,
ELNA,E120,
ELNA,E13,
ELNA,E130,
ELNA,E14,
ELNA,E140,
ELNA,E1400,
ELNA,E149,
ELNA,E150,
ELNA,E1500,
ELNA,E1600,
ELNA,E17,
ELNA,E200,
ELNA,E2002,
ELNA,E2003,
ELNA,E2004,
ELNA,E2004SP,
ELNA,E2005,
ELNA,E2006,
ELNA,E2007,
ELNA,E21,
ELNA,E2100,
ELNA,E2110,
ELNA,E2130,
ELNA,E22,
ELNA,E220,
ELNA,E225,
ELNA,E225-1,
ELNA,E225L,
ELNA,E23,
ELNA,E230,
ELNA,E2300,
ELNA,E24,
ELNA,E240,
ELNA,E244,
ELNA,E244I,
ELNA,E245,
ELNA,E250,
ELNA,E255,
ELNA,E255I,
ELNA,E2600,
ELNA,E27,
ELNA,E2800,
ELNA,E300,
ELNA,E3003,
ELNA,E3005,
ELNA,E3007,
ELNA,E31,
ELNA,E32,
ELNA,E3210,
ELNA,E3230,
ELNA,E33,
ELNA,E34,
ELNA,E35,
ELNA,E36,
ELNA,E37,
ELNA,E38,
ELNA,E39,
ELNA,E41,
ELNA,E410,
ELNA,E43,
ELNA,E45,
ELNA,E450,
ELNA,E46,
ELNA,E4D,
ELNA,E500,
ELNA,E5000,
ELNA,E5100,
ELNA,E52,
ELNA,E55,
ELNA,E56,
ELNA,E57,
ELNA,E58,
ELNA,E59,
ELNA,E5D,
ELNA,E6000,
ELNA,E6001,
ELNA,E6003,
ELNA,E6004,
ELNA,E6005,
ELNA,E6007,
ELNA,E614,
ELNA,E62,
ELNA,E624,
ELNA,E64,
ELNA,E65,
ELNA,E66,
ELNA,E6600,
ELNA,E68,
ELNA,E683,
ELNA,E686,
ELNA,E69,
ELNA,E7000,
ELNA,E72,
ELNA,E7200,
ELNA,E724,
ELNA,E7300,
ELNA,E74,
ELNA,E744,
ELNA,E8000,
ELNA,E8006,
ELNA,E8007,
ELNA,E8100,
ELNA,E8200,
ELNA,E8300,
ELNA,E8600,
ELNA,E9000,
ELNA,E9006,
ELNA,E9008,
ELNA,E9010,
ELNA,E9500,
ELNA,EBEIGE,
ELNA,ECE20,
ELNA,ECLUB,
ELNA,EDIVA,
ELNA,EEL9010,
ELNA,EGREEN,
ELNA2,E604E,
ELNA2,E614DE,
ELNA2,E624DE,
ELNA2,E624DSE,
ELNA2,E683,
ELNA2,E686,
ELNA2,E704DEX,
ELNA2,E704E,
ELNA2,E714DE,
ELNA2,E714E,
ELNA2,E744DEX,
ELNA2,E904,
ELNA2,E904DCX,
ELNA2,E905,
ELNA2,E905DCX,
ELNA2,E925DC,
ELNA2,E925DCX,
ELNA2,E945,
ELNA2,E945DCX,
ELNA2,EF3,
ELNA2,EF4,
ELNA2,EL1,
ELNA2,EL2,
ELNA2,EL3,
ELNA2,EL4,
ELNA2,EL4D,
ELNA2,EL5,
ELNA2,EL5D,
ELNA2,EPRO4,
ELNA2,EPRO4DC,
ELNA2,EPRO4DCX,
ELNA2,EPRO4DE,
ELNA2,EPRO5,
ELNA2,EPRO5D,
ELNA2,EPRO5DC,
ELNA2,EPRO5DCX,
ELNA2,EPRO5DE,
ELNA2,ET3,
ELNA2,ET33,
ELNA2,ET34,
ELNA2,ET34D,
EMB,EMB-B,
EMB,EMB-BBL,
EMB,EMB-BR,
EMB,EMB-E,
EMB,EMB-NH,
EMB,EMB-PF,
EMB,EMB-S,
EMB,EMB-V,
EMB,NTHP,
EMB-V,EMB-V2,
EMB-V,EMB-VO,
FBSB,SBAP,
FBSB,SBSK,
FCOT,FCOT-BRD,
FCOT,FCOT-PART,
FCOT,FCT-AID,
FCOT-BRD,FCOT-B,
FCOT-BRD,FCOT-BR,
FCOT-BRD,FCOT-E,
FCOT-BRD,FCOT-K,
FCOT-BRD,FCOT-NH,
FCOT-BRD,FCOT-PF,
FCOT-BRD,FCOT-R,
FCOT-BRD,FCOT-S,
FCOT-BRD,FCOT-T,
FCOT-BRD,FCOT-V,
FCOT-BRD,FCOT-W,
FD,FD-B,
FD,FD-BBL,
FD,FD-BR,
FD,FD-E,
FD,FD-K,
FD,FD-NE,
FD,FD-NH,
FD,FD-PF,
FD,FD-R,
FD,FD-S,
FD,FD-V,
FD,FD-W,
FD-O,FD-OB,
FD-O,FD-OBR,
FD-O,FD-OJ,
FD-O,FD-ON,
FD-O,FD-OR,
FD-O,FD-OS,
FD-O,FD-OT,
FD-O,FD-OV,
FD-O,FD-OW,
FT,FT-CO,
FT,FT-FUN,
FT,FT-S.S.,
FT,FT-SNAP-O,
FT,FT-ZZ,
FT-1/4,FT-1/4GS5,
FT-1/4,FT-1/4GS7,
FT-1/4,FT-1/4PAT,
FT-1/4,FT-1/4PATM,
FT-1/4,FT-1/4PATP,
FT-B,FT-B1,
FT-B,FT-B120,
FT-BR,FT-BR5ZZ,
FT-BR,FT-BR7ZZ,
FT-CO,FT-B,
FT-CO,FT-BR,
FT-CO,FT-E,
FT-CO,FT-K,
FT-CO,FT-NH,
FT-CO,FT-P,
FT-CO,FT-R,
FT-CO,FT-S,
FT-CO,FT-T,
FT-CO,FT-V,
FT-E,FT-SNAPOE,
FT-E,FT-SNAPOE5,
FT-E,FT-SNAPOE7,
FT-FUN,FT-BINDING,
FT-FUN,FT-BLDH,
FT-FUN,FT-BUT,
FT-FUN,FT-BUTTON,
FT-FUN,FT-CORD,
FT-FUN,FT-DARN,
FT-FUN,FT-FRINGE,
FT-FUN,FT-HM,
FT-FUN,FT-OVERC,
FT-FUN,FT-PICOT,
FT-FUN,FT-PP,
FT-FUN,FT-PT,
FT-FUN,FT-RL,
FT-FUN,FT-SHR,
FT-FUN,FT-WALK,
FT-FUN,FT-WELT,
FT-FUN,FT-ZP,
FT-FUN,FT-ZZZ,
FT-HM,FT-HMS,
FT-HM,FT-HMSET,
FT-K,FT-K158H,
FT-K,FT-K158L,
FT-K,FT-K385F-L,
FT-K,FT-K385TL,
FT-O,FT-OB,
FT-O,FT-OBR,
FT-O,FT-OE,
FT-O,FT-OJ,
FT-O,FT-OK,
FT-O,FT-ONH,
FT-O,FT-OP,
FT-O,FT-OR,
FT-O,FT-OS,
FT-O,FT-OT,
FT-O,FT-OV,
FT-O,FT-OW,
FT-P,FT-P1,
FT-P,FT-P2,
FT-S,FT-S1105,
FT-S,FT-S117,
FT-S,FT-S132Q,
FT-S,FT-S3709,
FT-S,FT-S7422,
FT-S,FT-S9910,
FT-S,FT-SCE100,
FT-S,FT-SNAPO-S,
FT-S,FT-SNAPO2,
FT-S,FT-SQCXL,
FT-S,FT-SQLE,
FT-S,FT-SQXL100,
FT-T,FT-T5ZZ,
FT-T,FT-T7TLZZ,
FT-WALK,FT-WALK-B,
FT-WALK,FT-WALK-BR,
FT-WALK,FT-WALK-E,
FT-WALK,FT-WALK-K,
FT-WALK,FT-WALK-N,
FT-WALK,FT-WALK-NE,
FT-WALK,FT-WALK-S,
FT-WALK,FT-WALK-T,
FT-WALK,FT-WALK-V,
FT-ZZZ,FT-1/4,
FT-ZZZ,FT-EDGE,
FT-ZZZ,FT-EMB,
FT-ZZZ,FT-FELLING,
FT-ZZZ,FT-MULTICO,
FT-ZZZ,FT-OPEN,
FT-ZZZ,FT-SEQUIN,
FT-ZZZ,FT-VELVET,
FT-ZZZ,FT-YARN,
FT-ZZZ,FT-Z,
GR,GR-B,
GR,GR-BR,
GR,GR-E,
GR,GR-K,
GR,GR-N,
GR,GR-NH,
GR,GR-P,
GR,GR-R,
GR,GR-S,
GR,GR-T,
GR,GR-V,
GR,GR-W,
GR-BR,GR-BRCAM,
GR-S,GR-S600,
GR-S,GR-SC,
GR-S,GR-SCAM,
GR-S,GRDISC-S,
GR-S,GRDISC-S4,
HGPC,HGPC-BAG,
HGPC,HGPC-WOOD,
HK,HK-B,
HK,HK-BBL,
HK,HK-BR,
HK,HK-E,
HK,HK-K,
HK,HK-NH,
HK,HK-P,
HK,HK-PF,
HK,HK-R,
HK,HK-S,
HK,HK-V,
HK,HK-W,
HK-P,HK-PR,
HK-P,HK-PRC,
HK-P,HK-PRCS,
HK-P,HK-PSD,
HK-P,HK-PSDS,
I-ADLER,AD167,
I-ADLER,AD67,
I-ADLER,AD68,
I-BROTHER,BRB511,
I-BROTHER,BRB531,
I-BROTHER,BRB551,
I-BROTHER,BRB571,
I-BROTHER,BRB581,
I-BROTHER,BRB611,
I-BROTHER,BRB631,
I-BROTHER,BRB661,
I-BROTHER,BRB705,
I-BROTHER,BRB714,
I-BROTHER,BRB735,
I-BROTHER,BRB745,
I-BROTHER,BRB755,
I-BROTHER,BRB756,
I-BROTHER,BRB763,
I-BROTHER,BRB781,
I-BROTHER,BRB791,
I-BROTHER,BRB792,
I-BROTHER,BRB797,
I-BROTHER,BRB832,
I-BROTHER,BRB835,
I-BROTHER,BRB837,
I-BROTHER,BRB838,
I-BROTHER,BRB912,
I-BROTHER,BRB931,
I-BROTHER,BRB953,
I-BROTHER,BRB972,
I-BROTHER,BRDB2-B700,
I-BROTHER,BRLZBB852,
I-CONSEW,CS105,
I-CONSEW,CS145,
I-CONSEW,CS146RB,
I-CONSEW,CS175,
I-CONSEW,CS175RB,
I-CONSEW,CS18,
I-CONSEW,CS199RB,
I-CONSEW,CS205RB,
I-CONSEW,CS206RB,
I-CONSEW,CS210,
I-CONSEW,CS223,
I-CONSEW,CS224,
I-CONSEW,CS227,
I-CONSEW,CS228,
I-CONSEW,CS230,
I-CONSEW,CS240,
I-CONSEW,CS244,
I-CONSEW,CS255,
I-CONSEW,CS255RB,
I-CONSEW,CS28,
I-CONSEW,CS282,
I-CONSEW,CS288,
I-CONSEW,CS289,
I-CONSEW,CS290,
I-CONSEW,CS290R,
I-CONSEW,CS30,
I-CONSEW,CS333,
I-CONSEW,CS389,
I-JUKI,JDDL201,
I-JUKI,JDDL227,
I-JUKI,JDDL5530,
I-JUKI,JDDL555,
I-JUKI,JDDL5550,
I-JUKI,JDDL560,
I-JUKI,JDDL8700,
I-JUKI,JDNU1541S,
I-JUKI,JLBH761,
I-JUKI,JLG158,
I-JUKI,JLH512,
I-JUKI,JLK232,
I-JUKI,JLS1340,
I-JUKI,JLU562,
I-JUKI,JLUH521,
I-JUKI,JLUH526,
I-JUKI,JLZ1280,
I-JUKI,JLZ271,
I-JUKI,JLZH1290,
I-JUKI,JMBH180,
I-JUKI,JMO102,
I-JUKI,JMO103,
I-JUKI,JMO104,
I-JUKI,JMO1504G,
I-JUKI,JMO1516G,
I-JUKI,JMO2304,
I-JUKI,JMO2314,
I-JUKI,JMO2316,
I-JUKI,JMO2500,
I-JUKI,JMO352,
I-JUKI,JMO800,
I-JUKI,JMS26,
I-JUKI,JTL-72,
I-JUKI,JTL-98E,
I-JUKI,JTL-98Q,
I-MODEL,I-ADLER,
I-MODEL,I-BROTHER,
I-MODEL,I-CONSEW,
I-MODEL,I-JUKI,
I-MODEL,I-PFAFF,
I-MODEL,I-SINGER,
I-MODEL,I-US,
I-PFAFF,PF120,
I-PFAFF,PF134,
I-PFAFF,PF138,
I-PFAFF,PF142,
I-PFAFF,PF145,
I-PFAFF,PF234,
I-PFAFF,PF238,
I-PFAFF,PF3114,
I-PFAFF,PF335,
I-PFAFF,PF434,
I-PFAFF,PF438,
I-PFAFF,PF442,
I-PFAFF,PF444,
I-PFAFF,PF461,
I-PFAFF,PF480,
I-PFAFF,PF483,
I-PFAFF,PF545,
I-SINGER,SR107W,
I-SINGER,SR108W,
I-SINGER,SR110W,
I-SINGER,SR111W,
I-SINGER,SR112W,
I-SINGER,SR114,
I-SINGER,SR118W,
I-SINGER,SR127,
I-SINGER,SR12W,
I-SINGER,SR1300,
I-SINGER,SR131W,
I-SINGER,SR132K,
I-SINGER,SR133K,
I-SINGER,SR134W,
I-SINGER,SR136W,
I-SINGER,SR138W,
I-SINGER,SR140W,
I-SINGER,SR143W,
I-SINGER,SR144W,
I-SINGER,SR145W,
I-SINGER,SR151W,
I-SINGER,SR153W,
I-SINGER,SR167W,
I-SINGER,SR168W,
I-SINGER,SR16U,
I-SINGER,SR17,
I-SINGER,SR175CL,
I-SINGER,SR18,
I-SINGER,SR188K,
I-SINGER,SR191,
I-SINGER,SR195K,
I-SINGER,SR196K,
I-SINGER,SR20U,
I-SINGER,SR20U23,
I-SINGER,SR20U31,
I-SINGER,SR20U33,
I-SINGER,SR20U42,
I-SINGER,SR20U43,
I-SINGER,SR20U53,
I-SINGER,SR211W,
I-SINGER,SR212W,
I-SINGER,SR236W,
I-SINGER,SR238G,
I-SINGER,SR24,
I-SINGER,SR241,
I-SINGER,SR245,
I-SINGER,SR246,
I-SINGER,SR251,
I-SINGER,SR269W,
I-SINGER,SR27,
I-SINGER,SR271K,
I-SINGER,SR275E1,
I-SINGER,SR281,
I-SINGER,SR291U,
I-SINGER,SR29K,
I-SINGER,SR300W,
I-SINGER,SR307G,
I-SINGER,SR31-15,
I-SINGER,SR31-20,
I-SINGER,SR312T,
I-SINGER,SR312U,
I-SINGER,SR31CL,
I-SINGER,SR366K,
I-SINGER,SR369W,
I-SINGER,SR391U,
I-SINGER,SR402W,
I-SINGER,SR410W,
I-SINGER,SR44CL,
I-SINGER,SR451K,
I-SINGER,SR457U,
I-SINGER,SR45K,
I-SINGER,SR460,
I-SINGER,SR46W,
I-SINGER,SR491,
I-SINGER,SR51W,
I-SINGER,SR52W,
I-SINGER,SR531B,
I-SINGER,SR600W,
I-SINGER,SR61W,
I-SINGER,SR66,
I-SINGER,SR660A,
I-SINGER,SR68,
I-SINGER,SR69,
I-SINGER,SR71,
I-SINGER,SR770,
I-SINGER,SR78CL,
I-SINGER,SR81,
I-SINGER,SR95,
I-SINGER,SR96,
I-SINGER,SR990B,
I-US,US34700,
I-US,US35800,
I-US,US36200,
I-US,US39200,
I-US,US39500,
I-US,US39600,
I-US,US39800,
I-US,US50000,
I-US,US51400,
I-US,US52700,
I-US,US53100,
I-US,US53800,
I-US,US57700,
I-US,US61200,
I-US,US61300,
I-US,US61400,
I-US,US63400,
I-US,USBLIND,
INDUSTRIAL,C-BC,
INDUSTRIAL,C-BD,
INDUSTRIAL,C-BN,
INDUSTRIAL,C-BT,
INDUSTRIAL,C-BW,
INDUSTRIAL,C-FD,
INDUSTRIAL,C-FT,
INDUSTRIAL,C-GG,
INDUSTRIAL,C-HK,
INDUSTRIAL,C-KF,
INDUSTRIAL,C-LP,
INDUSTRIAL,C-MC,
INDUSTRIAL,C-MT,
INDUSTRIAL,C-NC,
INDUSTRIAL,C-NP,
INDUSTRIAL,C-PT,
INDUSTRIAL,C-SP,
INDUSTRIAL,C-TG,
INDUSTRIAL,C-TS,
JUKI,JDNU1541S,
JUKI,JHZL-35Z,
JUKI,JHZL-E61,
JUKI,JHZL-E70,
JUKI,JHZL-E71,
JUKI,JHZL-E80,
JUKI,JHZL-T100,
JUKI,JMO102,
JUKI,JMO103,
JUKI,JMO104,
JUKI,JMO134,
JUKI,JMO613,
JUKI,JMO614,
JUKI,JMO623,
JUKI,JMO634,
JUKI,JMO634D,
JUKI,JMO634DE,
JUKI,JMO644,
JUKI,JMO644D,
JUKI,JMO654,
JUKI,JMO654DE,
JUKI,JMO655,
JUKI,JMO655D,
JUKI,JMO734DE,
JUKI,JMO735,
JUKI,JTL-82,
JUKI,JTL-98,
JUKI,JTL-98E,
JUKI,JTL-98P,
JUKI,JTL-98Q,
JUKI,JTL-98QE,
K-148 SERS,K1115,
K-148 SERS,K11170,
K-148 SERS,K12030,
K-148 SERS,K12040,
K-148 SERS,K12070,
K-148 SERS,K12140,
K-148 SERS,K1217,
K-148 SERS,K12170,
K-148 SERS,K12180,
K-148 SERS,K12181,
K-148 SERS,K12200,
K-148 SERS,K13022,
K-148 SERS,K13023,
K-148 SERS,K13220,
K-148 SERS,K15210,
K-148 SERS,K15600,
K-148 SERS,K15700,
K-148 SERS,K19371,
K-148 SERS,K19372,
K-148 SERS,K280,
K-148 SERS,K294,
K-158 SERS,K10101,
K-158 SERS,K10200,
K-158 SERS,K10300,
K-158 SERS,K10301,
K-158 SERS,K10302,
K-158 SERS,K10304,
K-158 SERS,K10400,
K-158 SERS,K10401,
K-158 SERS,K10402,
K-158 SERS,K10450,
K-158 SERS,K10500,
K-158 SERS,K10501,
K-158 SERS,K10600,
K-158 SERS,K1110,
K-158 SERS,K1110180,
K-158 SERS,K121,
K-158 SERS,K12110,
K-158 SERS,K12111,
K-158 SERS,K12112,
K-158 SERS,K12120,
K-158 SERS,K12121,
K-158 SERS,K12250,
K-158 SERS,K12260,
K-158 SERS,K12270,
K-158 SERS,K12271,
K-158 SERS,K12272,
K-158 SERS,K12290,
K-158 SERS,K12291,
K-158 SERS,K12292,
K-158 SERS,K12310,
K-158 SERS,K12311,
K-158 SERS,K12312,
K-158 SERS,K12313,
K-158 SERS,K12370,
K-158 SERS,K12390,
K-158 SERS,K12391,
K-158 SERS,K12392,
K-158 SERS,K12410,
K-158 SERS,K12411,
K-158 SERS,K12412,
K-158 SERS,K12470,
K-158 SERS,K12471,
K-158 SERS,K12472,
K-158 SERS,K12510,
K-158 SERS,K12511,
K-158 SERS,K12512,
K-158 SERS,K12520,
K-158 SERS,K12551,
K-158 SERS,K12621,
K-158 SERS,K12841,
K-158 SERS,K130,
K-158 SERS,K13010,
K-158 SERS,K13011,
K-158 SERS,K13030,
K-158 SERS,K13031,
K-158 SERS,K13032,
K-158 SERS,K13033,
K-158 SERS,K13040,
K-158 SERS,K13041,
K-158 SERS,K13050,
K-158 SERS,K13150,
K-158 SERS,K13160,
K-158 SERS,K13170,
K-158 SERS,K13180,
K-158 SERS,K13190,
K-158 SERS,K13200,
K-158 SERS,K13201,
K-158 SERS,K13250,
K-158 SERS,K13360,
K-158 SERS,K13400,
K-158 SERS,K13401,
K-158 SERS,K13402,
K-158 SERS,K13410,
K-158 SERS,K13411,
K-158 SERS,K13412,
K-158 SERS,K13413,
K-158 SERS,K13414,
K-158 SERS,K13450,
K-158 SERS,K13451,
K-158 SERS,K13452,
K-158 SERS,K13453,
K-158 SERS,K13470,
K-158 SERS,K13471,
K-158 SERS,K13500,
K-158 SERS,K13501,
K-158 SERS,K13502,
K-158 SERS,K13510,
K-158 SERS,K13512,
K-158 SERS,K13513,
K-158 SERS,K13520,
K-158 SERS,K13521,
K-158 SERS,K13550,
K-158 SERS,K13570,
K-158 SERS,K13571,
K-158 SERS,K13572,
K-158 SERS,K13573,
K-158 SERS,K13580,
K-158 SERS,K13581,
K-158 SERS,K14000,
K-158 SERS,K14001,
K-158 SERS,K14002,
K-158 SERS,K14003,
K-158 SERS,K14100,
K-158 SERS,K14101,
K-158 SERS,K14300,
K-158 SERS,K14301,
K-158 SERS,K14310,
K-158 SERS,K14311,
K-158 SERS,K14401,
K-158 SERS,K14501,
K-158 SERS,K14510,
K-158 SERS,K14571,
K-158 SERS,K150,
K-158 SERS,K15030,
K-158 SERS,K151,
K-158 SERS,K1510,
K-158 SERS,K1511,
K-158 SERS,K15150,
K-158 SERS,K152,
K-158 SERS,K15250,
K-158 SERS,K15612,
K-158 SERS,K15810,
K-158 SERS,K15951,
K-158 SERS,K15952,
K-158 SERS,K16000,
K-158 SERS,K16010,
K-158 SERS,K16012,
K-158 SERS,K16030,
K-158 SERS,K161,
K-158 SERS,K162,
K-158 SERS,K16250,
K-158 SERS,K163,
K-158 SERS,K16410,
K-158 SERS,K16411,
K-158 SERS,K16412,
K-158 SERS,K16490,
K-158 SERS,K16500,
K-158 SERS,K16510,
K-158 SERS,K16520-158,
K-158 SERS,K16530-158,
K-158 SERS,K16540,
K-158 SERS,K16600,
K-158 SERS,K16800,
K-158 SERS,K16801,
K-158 SERS,K16820,
K-158 SERS,K16900,
K-158 SERS,K17000,
K-158 SERS,K17001,
K-158 SERS,K17010,
K-158 SERS,K17011,
K-158 SERS,K17012,
K-158 SERS,K17030,
K-158 SERS,K17031,
K-158 SERS,K17032,
K-158 SERS,K17033,
K-158 SERS,K17200,
K-158 SERS,K17300,
K-158 SERS,K17310,
K-158 SERS,K17490,
K-158 SERS,K17500,
K-158 SERS,K17501,
K-158 SERS,K17510,
K-158 SERS,K17511,
K-158 SERS,K17520,
K-158 SERS,K17530,
K-158 SERS,K17540,
K-158 SERS,K17550,
K-158 SERS,K17560,
K-158 SERS,K17570,
K-158 SERS,K17571,
K-158 SERS,K17572,
K-158 SERS,K17600,
K-158 SERS,K17651,
K-158 SERS,K17740,
K-158 SERS,K17741,
K-158 SERS,K17800,
K-158 SERS,K17810,
K-158 SERS,K17811,
K-158 SERS,K17812,
K-158 SERS,K17820,
K-158 SERS,K17821,
K-158 SERS,K17830,
K-158 SERS,K17840,
K-158 SERS,K17841,
K-158 SERS,K17850,
K-158 SERS,K17851,
K-158 SERS,K17860,
K-158 SERS,K17871,
K-158 SERS,K17891,
K-158 SERS,K17892,
K-158 SERS,K17910,
K-158 SERS,K17911,
K-158 SERS,K17920,
K-158 SERS,K17921,
K-158 SERS,K1792280,
K-158 SERS,K18020,
K-158 SERS,K18021,
K-158 SERS,K18022,
K-158 SERS,K18023,
K-158 SERS,K18024,
K-158 SERS,K18030,
K-158 SERS,K18031,
K-158 SERS,K18032,
K-158 SERS,K18033,
K-158 SERS,K18034,
K-158 SERS,K18130,
K-158 SERS,K18131,
K-158 SERS,K18140,
K-158 SERS,K18141,
K-158 SERS,K18150,
K-158 SERS,K18800,
K-158 SERS,K19130,
K-158 SERS,K19131,
K-158 SERS,K19140,
K-158 SERS,K19141,
K-158 SERS,K19142,
K-158 SERS,K19310,
K-158 SERS,K19311,
K-158 SERS,K19312,
K-158 SERS,K19410,
K-158 SERS,K19411,
K-158 SERS,K19412,
K-158 SERS,K19460,
K-158 SERS,K19470,
K-158 SERS,K19471,
K-158 SERS,K19800,
K-158 SERS,K19801,
K-158 SERS,K19802,
K-158 SERS,K220,
K-158 SERS,K221,
K-158 SERS,K320,
K-158 SERS,K321,
K-158 SERS,K330,
K-158 SERS,K331,
K-158 SERS,K350,
K-158 SERS,K351,
K-158 SERS,K352,
K-158 SERS,K353,
K-158 SERS,K370,
K-158 SERS,K371,
K-158 SERS,K372,
K-158 SERS,K373,
K-158 SERS,K430,
K-158 SERS,K431,
K-158 SERS,K432,
K-158 SERS,K433,
K-158 SERS,K440,
K-158 SERS,K441,
K-158 SERS,K442,
K-158 SERS,K443,
K-158 SERS,K444,
K-158 SERS,K445,
K-158 SERS,K460,
K-158 SERS,K461,
K-158 SERS,K462,
K-158 SERS,K463,
K-158 SERS,K470,
K-158 SERS,K471,
K-158 SERS,K472,
K-158 SERS,K480,
K-158 SERS,K481,
K-158 SERS,K500,
K-158 SERS,K501,
K-158 SERS,K502,
K-158 SERS,K503,
K-158 SERS,K504,
K-158 SERS,K505,
K-158 SERS,K523,
K-158 SERS,K540,
K-158 SERS,K541,
K-158 SERS,K542,
K-158 SERS,K620,
K-158 SERS,K650,
K-158 SERS,K680,
K-158 SERS,K6850,
K-158 SERS,K750,
K-158 SERS,K841,
K-158 SERS,K842,
K-158 SERS,K850,
K-158 SERS,K900,
K-158 SERS,K901,
K-158 SERS,K902,
K-158 SERS,K903,
K-158 SERS,K904,
K-158 SERS,K905,
K-158 SERS,K920,
K-158 SERS,K921,
K-158 SERS,K922,
K-158 SERS,K923,
K-158 SERS,K924,
K-158 SERS,K950,
K-158 SERS,K960,
K-385 SERS,K10111,
K-385 SERS,K11101,
K-385 SERS,K11206,
K-385 SERS,K11541,
K-385 SERS,K11551,
K-385 SERS,K11581,
K-385 SERS,K11607,
K-385 SERS,K11608,
K-385 SERS,K11682,
K-385 SERS,K12014,
K-385 SERS,K12049,
K-385 SERS,K12102,
K-385 SERS,K12116,
K-385 SERS,K12216,
K-385 SERS,K12314,
K-385 SERS,K12318,
K-385 SERS,K12320,
K-385 SERS,K12321,
K-385 SERS,K12331,
K-385 SERS,K12332,
K-385 SERS,K12490,
K-385 SERS,K12491,
K-385 SERS,K12492,
K-385 SERS,K12493,
K-385 SERS,K12514,
K-385 SERS,K12541,
K-385 SERS,K12545,
K-385 SERS,K12581,
K-385 SERS,K12612,
K-385 SERS,K12614,
K-385 SERS,K12618,
K-385 SERS,K12641,
K-385 SERS,K12681,
K-385 SERS,K12712,
K-385 SERS,K12714,
K-385 SERS,K12741,
K-385 SERS,K12781,
K-385 SERS,K12812,
K-385 SERS,K12814,
K-385 SERS,K12841,
K-385 SERS,K12912,
K-385 SERS,K12916,
K-385 SERS,K14052,
K-385 SERS,K15008,
K-385 SERS,K15010,
K-385 SERS,K15012,
K-385 SERS,K15108,
K-385 SERS,K15202,
K-385 SERS,K15208,
K-385 SERS,K15212,
K-385 SERS,K15218,
K-385 SERS,K15343,
K-385 SERS,K15358,
K-385 SERS,K15408,
K-385 SERS,K15510,
K-385 SERS,K15512,
K-385 SERS,K15516,
K-385 SERS,K15518,
K-385 SERS,K15616,
K-385 SERS,K1564180,
K-385 SERS,K15718,
K-385 SERS,K15841,
K-385 SERS,K16020,
K-385 SERS,K16120,
K-385 SERS,K16126,
K-385 SERS,K16130,
K-385 SERS,K16227,
K-385 SERS,K16231,
K-385 SERS,K16520,
K-385 SERS,K16524,
K-385 SERS,K16528,
K-385 SERS,K16530,
K-385 SERS,K16631490,
K-385 SERS,K16633790,
K-385 SERS,K1664190,
K-385 SERS,K16642090,
K-385 SERS,K16644690,
K-385 SERS,K16655100,
K-385 SERS,K16841,
K-385 SERS,K16951,
K-385 SERS,K17026,
K-385 SERS,K17124,
K-385 SERS,K17126,
K-385 SERS,K17324,
K-385 SERS,K17526,
K-385 SERS,K17622,
K-385 SERS,K17624,
K-385 SERS,K17626,
K-385 SERS,K17628,
K-385 SERS,K17641,
K-385 SERS,K17724,
K-385 SERS,K17781,
K-385 SERS,K17822,
K-385 SERS,K17824,
K-385 SERS,K17826,
K-385 SERS,K17828,
K-385 SERS,K17881,
K-385 SERS,K17922,
K-385 SERS,K17928,
K-385 SERS,K18080,
K-385 SERS,K18221,
K-385 SERS,K18230,
K-385 SERS,K18330,
K-385 SERS,K18630,
K-385 SERS,K18830,
K-385 SERS,K18836,
K-385 SERS,K18841,
K-385 SERS,K19000,
K-385 SERS,K19001,
K-385 SERS,K19005,
K-385 SERS,K19010,
K-385 SERS,K19030,
K-385 SERS,K19106,
K-385 SERS,K19110,
K-385 SERS,K19112,
K-385 SERS,K19150,
K-385 SERS,K19153,
K-385 SERS,K19157,
K-385 SERS,K19233,
K-385 SERS,K19365,
K-385 SERS,K19501,
K-385 SERS,K19502,
K-385 SERS,K19601,
K-385 SERS,K19606,
KENMORE,K-148 SERS,
KENMORE,K-158 SERS,
KENMORE,K-385 SERS,
KF,KF-B,
KF,KF-BBL,
KF,KF-BR,
KF,KF-E,
KF,KF-J,
KF,KF-K,
KF,KF-NH,
KF,KF-PF,
KF,KF-R,
KF,KF-S,
KF,KF-V,
KF,KF-W,
KF,KF-Z,
KF,KF-ZS,
LB,LB-B,
LB,LB-BBL,
LB,LB-BR,
LB,LB-E,
LB,LB-K,
LB,LB-NH,
LB,LB-PF,
LB,LB-S,
LB,LB-V,
LB,LB-ZO,
LB,LB-ZSK,
LB,LB-ZZ,
LB,LED,
LB-ZSK,LB-ZSK-BR,
LB-ZSK,LB-ZSK-O,
LP,LP-B,
LP,LP-BR,
LP,LP-E,
LP,LP-J,
LP,LP-K,
LP,LP-N,
LP,LP-NH,
LP,LP-P,
LP,LP-R,
LP,LP-S,
LP,LP-T,
LP,LP-V,
LP,LP-W,
LP,LP-Y,
LP,LP-Z,
MH,ALPHASEW,
MH,MISC,
MIS1,MIS1-B,
MIS1,MIS1-BBL,
MIS1,MIS1-S,
MIS1,MIS1-V,
MIS1,MIS1-W,
MIS3,MIS3-BBL,
MIS3,MIS3-BR,
MIS3,MIS3-N,
MIS3,MIS3-S,
MIS4,MIS4-BBL,
MIS4,MIS4-BR,
MIS4,MIS4-E,
MIS4,MIS4-N,
MIS4,MIS4-PF,
MIS4,MIS4-SR,
MIS4,MIS4-W,
MIS5,MIS5-BBL,
MIS5,MIS5-BR,
MIS5,MIS5-N,
MIS5,MIS5-PF,
MIS5,MIS5-S,
MIS5,MIS5-W,
MIS6,MIS6-NDL,
MIS6,MIS6-PAT,
MIS6,MIS6-REV,
MIS6,MIS6-ST,
MIS7,LB-ZSP,
MIS7,MIS7-FUSE,
MIS7,PCB,
MISC,MISC-ACC,
MISC,MISC-EXT,
MISC,MISC-TAB,
MISC-ACC,MISC-ACCBR,
MISC-ACC,MISC-ACCNH,
MISC-ACC,MISC-ACCSR,
MISC-EXT,MISC-EXTBR,
MISC-EXT,MISC-EXTSR,
MODEL,BBL,
MODEL,BBL-SR,
MODEL,BERNETTE,
MODEL,BERNINA,
MODEL,BROTHER,
MODEL,BROTHER2,
MODEL,ELNA,
MODEL,ELNA2,
MODEL,JUKI,
MODEL,KENMORE,
MODEL,NECCHI,
MODEL,NEW HOME,
MODEL,NEW HOME2,
MODEL,PFAFF,
MODEL,PFAFF2,
MODEL,RICCAR,
MODEL,RICCAR2,
MODEL,SIMPLICIT2,
MODEL,SIMPLICITY,
MODEL,SINGER,
MODEL,SINGER2,
MODEL,VIKING,
MODEL,VIKING-S,
MODEL,WHITE,
MODEL,WHITE-O,
MODEL,XEURO,
MT,MT-220,
MT,MT-B,
MT,MT-BBL,
MT,MT-BR,
MT,MT-E,
MT,MT-K,
MT,MT-NH,
MT,MT-P,
MT,MT-PF,
MT,MT-S,
MT,MT-V,
MT-P,MT-BRACK,
MT-P,MT-P-B,
MT-P,MT-P-E,
MT-P,MT-P-P,
MT-P,MT-P-S,
MT-P,MT-P-V,
MT-P,PL,
MUNDIAL,MUNDIAL-C,
MUNDIAL,MUNDIAL-CF,
MUNDIAL,MUNDIAL-LT,
MUNDIAL,MUNDIAL-SF,
N1,N100,
N1,N1008,
N1,N1014,
N1,N1018,
N1,N1018S,
N1,N1022,
N1,N105,
N1,N106,
N1,N108,
N1,N110,
N1,N1200,
N1,N125,
N1,N1304,
N1,N1306,
N1,N1308,
N1,N1310,
N1,N1312,
N1,N1406,
N1,N1408,
N1,N1410,
N1,N1504,
N1,N1506,
N1,N1508,
N1,N1510,
N1,N1512,
N1,N1518,
N1,N1550,
N1,N1560,
N1,N1570,
N1,N1571,
N1,N1580,
N1,N1585,
N1,N1600,
N1,N1600P,
N1,N1600P-DB,
N1,N1600P-DBX,
N1,N1603,
N1,N1610,
N1,N1612,
N1,N1622,
N1,N1714,
N1,N1722,
N1,N1780,
N1,N1803,
N1,N1804,
N1,N1806,
N1,N1810,
N1,N1812,
N1,N1816,
N1,N1918,
N2,N2000,
N2,N2003P,
N2,N2014,
N2,N2015,
N2,N2018,
N2,N2022,
N2,N2030,
N2,N2041,
N2,N2122,
N3,N300,
N3,N3015,
N3,N3018,
N3,N3023,
N3,N3123,
N3,N3125,
N3,N3160QDC,
N3,N344,
N3,N352,
N3,N353,
N3,N366,
N3,N370,
N3,N372,
N3,N373,
N3,N3822,
N3,N392,
N4,N4014,
N4,N4019,
N4,N4020,
N4,N4021,
N4,N4022,
N4,N405,
N4,N4123,
N4,N415,
N4,N419S,
N4,N423S,
N4,N430,
N4,N436,
N4,N443,
N4,N444,
N4,N445,
N4,N446,
N4,N447,
N4,N4612,
N4,N4618,
N4,N4623,
N4,N470,
N4,N480,
N4,N490,
N4,N495,
N5,N5001,
N5,N5018,
N5,N5024,
N5,N507,
N5,N508,
N5,N509,
N5,N510,
N5,N5124,
N5,N516,
N5,N530,
N5,N532,
N5,N533,
N5,N534,
N5,N535,
N5,N537,
N5,N538,
N5,N539,
N5,N540,
N5,N541,
N5,N542,
N5,N543,
N5,N544,
N5,N545,
N5,N548,
N5,N551,
N5,N552,
N5,N556,
N5,N562,
N5,N563,
N5,N565,
N5,N571,
N5,N571R,
N5,N574,
N5,N575,
N5,N577,
N5,N581,
N5,N586,
N5,N589,
N5,N592,
N6,N600,
N6,N6015,
N6,N6018,
N6,N6019QC,
N6,N605,
N6,N606,
N6,N6060QC,
N6,N607,
N6,N608,
N6,N609,
N6,N610,
N6,N611,
N6,N6125QC,
N6,N614,
N6,N618,
N6,N618A,
N6,N619,
N6,N620,
N6,N622,
N6,N623,
N6,N624,
N6,N625,
N6,N625FA,
N6,N626,
N6,N6260QC,
N6,N628,
N6,N629,
N6,N630,
N6,N630H,
N6,N631,
N6,N632,
N6,N639,
N6,N640,
N6,N641,
N6,N642,
N6,N646,
N6,N650,
N6,N654,
N6,N655,
N6,N656,
N6,N656A,
N6,N656B,
N6,N657,
N6,N657A,
N6,N659,
N6,N660,
N6,N661,
N6,N663,
N6,N665,
N6,N667,
N6,N669,
N6,N670,
N6,N671,
N6,N672,
N6,N673,
N6,N674,
N6,N676,
N6,N679,
N6,N680,
N6,N681,
N6,N682,
N6,N684,
N6,N692,
N6,N693,
N7,N701,
N7,N702,
N7,N7061NX,
N7,N710,
N7,N712T,
N7,N7330,
N7,N742,
N7,N750,
N7,N752,
N7,N760,
N7,N761,
N7,N765,
N7,N7700QCP,
N7,N792,
N8,N800,
N8,N802,
N8,N803,
N8,N804,
N8,N808,
N8,N8080,
N8,N816,
N8,N834,
N8,N844,
N8,N845,
N8,N8600,
N8,N8800,
N9,N900,
N9,N910,
N9,N911,
N9,N920,
N9,N921,
N9,N940,
N9,N980,
N9,N990,
ND,C-ND,
ND,MUVA,
ND,ND-S,
ND,ORGAN,
ND,SCHMETZ,
ND-A-AUTO,ND-A-BBL,
ND-A-AUTO,ND-A-BR,
ND-A-AUTO,ND-A-N,
ND-A-AUTO,ND-A-PF,
ND-A-AUTO,ND-A-SR,
ND-A-AUTO,ND-A-ZM,
ND-A-ZM,ND-AMLP,
ND-C,ND-C-B,
ND-C,ND-C-BBL,
ND-C,ND-C-BR,
ND-C,ND-C-E,
ND-C,ND-C-K,
ND-C,ND-C-NH,
ND-C,ND-C-PF,
ND-C,ND-C-S,
ND-C,ND-C-V,
ND-C,ND-C-Z,
ND-G,GUARD,
ND-G,ND-G-BR,
ND-G,ND-G-NH,
ND-G,ND-G-S,
ND-RM,CND27B,
ND-S,ND-S*,
ND-S,ND-S100,
ND-S,ND-SC,
ND-S,ND-SP,
ND-US,C-ND154G,
ND-US,C-ND154GB,
ND-US,C-ND180G,
ND-US,C-ND251,
ND-US,C-ND251LG,
ND-US,CND251LGB,
NECCHI,NE108,
NECCHI,NE205,
NECCHI,NE2216,
NECCHI,NE2416,
NECCHI,NE2716,
NECCHI,NE3010A,
NECCHI,NE304,
NECCHI,NE3101,
NECCHI,NE3101FA,
NECCHI,NE3102,
NECCHI,NE3102FA,
NECCHI,NE3204FB,
NECCHI,NE3205FA,
NECCHI,NE3354,
NECCHI,NE3355,
NECCHI,NE3537,
NECCHI,NE3577,
NECCHI,NE3610,
NECCHI,NE3620,
NECCHI,NE3620 Q,
NECCHI,NE3832,
NECCHI,NE4575,
NECCHI,NE4595,
NECCHI,NE469FA,
NECCHI,NE4775,
NECCHI,NE4795,
NECCHI,NE510,
NECCHI,NE5102,
NECCHI,NE512,
NECCHI,NE513,
NECCHI,NE514,
NECCHI,NE515,
NECCHI,NE520,
NECCHI,NE521,
NECCHI,NE522,
NECCHI,NE523,
NECCHI,NE524FA,
NECCHI,NE524FB,
NECCHI,NE525,
NECCHI,NE525FA,
NECCHI,NE531,
NECCHI,NE531FA,
NECCHI,NE534,
NECCHI,NE534FA,
NECCHI,NE534FB,
NECCHI,NE535,
NECCHI,NE535FA,
NECCHI,NE536,
NECCHI,NE536FA,
NECCHI,NE536FB,
NECCHI,NE537,
NECCHI,NE537FA,
NECCHI,NE537FB,
NECCHI,NE537L,
NECCHI,NE538,
NECCHI,NE539,
NECCHI,NE541,
NECCHI,NE542,
NECCHI,NE543,
NECCHI,NE544,
NECCHI,NE544MK2,
NECCHI,NE544MK3,
NECCHI,NE549,
NECCHI,NE552,
NECCHI,NE554,
NECCHI,NE565,
NECCHI,NE574,
NECCHI,NE574FB,
NECCHI,NE575,
NECCHI,NE575FA,
NECCHI,NE582,
NECCHI,NE584,
NECCHI,NE586,
NECCHI,NE586N,
NECCHI,NE592,
NECCHI,NE6002,
NECCHI,NE6010,
NECCHI,NE6010FB,
NECCHI,NE6011,
NECCHI,NE6015,
NECCHI,NE6018,
NECCHI,NE6022,
NECCHI,NE6030,
NECCHI,NE6110,
NECCHI,NE6160,
NECCHI,NE650,
NECCHI,NE6800,
NECCHI,NE7010,
NECCHI,NE7020,
NECCHI,NE706,
NECCHI,NE802,
NECCHI,NE885,
NECCHI,NE887,
NECCHI,NEA709-5,
NECCHI,NEBF,
NECCHI,NEBU,
NECCHI,NEBUMIRA,
NECCHI,NED5051,
NECCHI,NEJULIA,
NECCHI,NELYDIA3,
NECCHI,NELYDIA544,
NECCHI,NENL3,
NECCHI,NENL3R,
NECCHI,NENL4,
NECCHI,NENOVA,
NECCHI,NEPL1-26,
NECCHI,NEPL1026,
NECCHI,NES3010,
NECCHI,NESUPER,
NECCHI,NESUPER UL,
NECCHI,NESX3000,
NECCHI,NESX4000,
NECCHI,NESX5000,
NECCHI,NESX6000,
NEW HOME,N1,
NEW HOME,N2,
NEW HOME,N3,
NEW HOME,N4,
NEW HOME,N5,
NEW HOME,N6,
NEW HOME,N7,
NEW HOME,N8,
NEW HOME,N9,
NEW HOME,NCE2200,
NEW HOME,NDC1018,
NEW HOME,NHF106,
NEW HOME,NHT2008,
NEW HOME,NJ3-18,
NEW HOME,NJA1500,
NEW HOME,NJD1004,
NEW HOME,NJEM720,
NEW HOME,NJP760,
NEW HOME,NJS1008,
NEW HOME,NL352,
NEW HOME,NMB-4,
NEW HOME,NMC,
NEW HOME,NME4014,
NEW HOME,NMEMORY7,
NEW HOME,NMS3015,
NEW HOME,NMYSTYLE,
NEW HOME,NNV3000,
NEW HOME,NNV4000,
NEW HOME,NNX24,
NEW HOME,NRE3000,
NEW HOME,NRX18,
NEW HOME,NRX18S,
NEW HOME,NRX22,
NEW HOME,NS650,
NEW HOME,NS750,
NEW HOME,NSR2000,
NEW HOME,NSR2100,
NEW HOME,NTB12,
NEW HOME,NTB30,
NEW HOME2,N1110DX,
NEW HOME2,N1200D,
NEW HOME2,N134D,
NEW HOME2,N203,
NEW HOME2,N204,
NEW HOME2,N204D,
NEW HOME2,N234,
NEW HOME2,N234D,
NEW HOME2,N303,
NEW HOME2,N334,
NEW HOME2,N334D,
NEW HOME2,N3434D,
NEW HOME2,N434,
NEW HOME2,N434D,
NEW HOME2,N534D,
NEW HOME2,N603,
NEW HOME2,N604,
NEW HOME2,N634D,
NEW HOME2,N644D,
NEW HOME2,N734D,
NEW HOME2,N744D,
NEW HOME2,N777,
NEW HOME2,N778,
NEW HOME2,N779,
NEW HOME2,N888,
NEW HOME2,N9002D,
NEW HOME2,N9102D,
NEW HOME2,NCOMBI-10,
NEW HOME2,NCOMBI-6,
NEW HOME2,NCOMBI-DX,
NMC,NMC10000,
NMC,NMC10001,
NMC,NMC11000,
NMC,NMC12000,
NMC,NMC14000,
NMC,NMC15000,
NMC,NMC200E,
NMC,NMC2400,
NMC,NMC3000,
NMC,NMC300E,
NMC,NMC3500,
NMC,NMC350E,
NMC,NMC4000,
NMC,NMC4018,
NMC,NMC4023,
NMC,NMC4400,
NMC,NMC4800,
NMC,NMC4800QC,
NMC,NMC4900,
NMC,NMC5000,
NMC,NMC5500,
NMC,NMC5700,
NMC,NMC6000,
NMC,NMC6300P,
NMC,NMC6500P,
NMC,NMC6600P,
NMC,NMC7000,
NMC,NMC7500,
NMC,NMC8000,
NMC,NMC8200,
NMC,NMC8900,
NMC,NMC9000,
NMC,NMC9400,
NMC,NMC9500,
NMC,NMC9700,
NOTION,BK,
NOTION,CL,
NOTION,GIFT,
NOTION,NT,
NOTION,NTDC,
NOTION,NTG-ACCS,
NOTION,NTG-AID,
NOTION,NTG-IRON,
NOTION,NTG-TOOL,
NOTION,NTGOR,
NOTION,OL,
NOTION,TH&SB,
NP,NP-1,
NP,NP-2,
NP,NP-3,
NP,NP-4,
NP,NP-A,
NP-0,NP-0S,
NP-1,NP-0,
NP-1,NP-B,
NP-1,NP-BR,
NP-1,NP-E,
NP-1,NP-K,
NP-1,NP-N,
NP-1,NP-NC,
NP-1,NP-PF,
NP-1,NP-R,
NP-1,NP-S,
NP-1,NP-T,
NP-1,NP-V,
NP-1,NP-W,
NP-2,NP-2BR,
NP-2,NP-2E,
NP-2,NP-2K,
NP-2,NP-2NH,
NP-2,NP-2S,
NP-2,NP-2T,
NP-2,NP-2V,
NP-2,NP-2W,
NP-4,NP-4P,
NP-4,NP-P,
NP-O,NP-OB,
NP-O,NP-OBR,
NP-O,NP-OE,
NP-O,NP-OJ,
NP-O,NP-OK,
NP-O,NP-ON,
NP-O,NP-OP,
NP-O,NP-OR,
NP-O,NP-OS,
NP-O,NP-OT,
NP-O,NP-OV,
NP-O,NP-OW,
NT,NT-C,
NT,NT-D,
NT,NT-GRABBIT,
NT,NT-S,
NT,NTCN,
NT-A,NT-A1,
NT-A,NT-A1000,
NT-A,NT-A1001,
NT-A,NT-A2,
NT-A,NT-A250,
NT-A,NT-A3,
NT-A,NT-A300,
NT-A,NT-A331,
NT-A,NT-A501,
NT-A1,NT-A12,
NT-A1,NT-A13,
NT-A1,NT-A14,
NT-A1,NT-A15,
NT-A1,NT-A16,
NT-D,D-BASKET,
NT-D,D-BULK,
NT-D,D-MARK,
NT-D,D-MISC,
NT-D,D-NDL,
NT-D,D-PIN,
NT-D,D-PRESS,
NT-D,D-SEWING,
NT-D,D-SNAPTP,
NT-D,D-TAPE,
NT-D,D-TOOL,
NT-D,D-TOOLS,
NT-S,CL-SR,
NT-S,NT-SBOBN,
NT-S,NT-SND,
NT-S,NT-SPIN,
NTCN,NTCN-ND,
NTG-ACCS,FCT-AID,
NTG-ACCS,NTG-DC,
NTG-ACCS,NTG-SEG,
NTG-TOOL,GG,
NTG-TOOL,GG-SERV,
NTG-TOOL,TWEEZER,
NTG-TOOL,WRENCH,
NTMI,NTMI-DEMO,
NTMI,NTMI-SRG,
NTSK,NTSK-713,
NTSK,NTSK-733,
NTSK,NTSK-932,
NTSK,NTSK-942,
OL,ADH,
OL,LUB,
ORGAN,ORG15X1,
ORGAN,ORG15X1B,
ORGAN,ORG15X1BPD,
ORGAN,ORG15X1PD,
ORGAN,ORG15X1SP,
ORGAN,ORG15X2,
ORGAN,ORGCD,
ORGAN,ORGHLX5,
ORGAN,ORGHLX5PD,
PARTS,ATTACHMT,
PARTS,B/C,
PARTS,B/WD,
PARTS,BOBN,
PARTS,BT,
PARTS,CD,
PARTS,CSHN,
PARTS,EMB,
PARTS,FCOT,
PARTS,FD,
PARTS,FD-O,
PARTS,FT,
PARTS,FT-O,
PARTS,GR,
PARTS,HK,
PARTS,KF,
PARTS,LB,
PARTS,LP,
PARTS,MIS1,
PARTS,MIS2,
PARTS,MIS3,
PARTS,MIS4,
PARTS,MIS5,
PARTS,MIS6,
PARTS,MIS7,
PARTS,MIS8,
PARTS,MT,
PARTS,ND,
PARTS,ND-A-AUTO,
PARTS,ND-C,
PARTS,ND-G,
PARTS,NP,
PARTS,NP-O,
PARTS,PIN,
PARTS,SCP,
PARTS,TS,
PCB,PCB-FC,
PCB,PCB-LED,
PCB,PCB-SP,
PFAFF,PF100,
PFAFF,PF1000,
PFAFF,PF1006,
PFAFF,PF1007,
PFAFF,PF1010,
PFAFF,PF1020,
PFAFF,PF1022,
PFAFF,PF1025,
PFAFF,PF1027,
PFAFF,PF1030,
PFAFF,PF1032,
PFAFF,PF1035,
PFAFF,PF1037,
PFAFF,PF1040,
PFAFF,PF1042,
PFAFF,PF1047,
PFAFF,PF1050,
PFAFF,PF1051,
PFAFF,PF1067,
PFAFF,PF1069,
PFAFF,PF1071,
PFAFF,PF1100,
PFAFF,PF1122,
PFAFF,PF1132,
PFAFF,PF1142,
PFAFF,PF1147,
PFAFF,PF1150,
PFAFF,PF1151,
PFAFF,PF1171,
PFAFF,PF1196,
PFAFF,PF1197,
PFAFF,PF1199,
PFAFF,PF1200,
PFAFF,PF1209,
PFAFF,PF1211,
PFAFF,PF1212,
PFAFF,PF1213,
PFAFF,PF1214,
PFAFF,PF1215,
PFAFF,PF1216,
PFAFF,PF1217,
PFAFF,PF1221,
PFAFF,PF1222,
PFAFF,PF1222E,
PFAFF,PF1229,
PFAFF,PF1242,
PFAFF,PF1244,
PFAFF,PF1295,
PFAFF,PF1296,
PFAFF,PF1297,
PFAFF,PF130,
PFAFF,PF1371,
PFAFF,PF139,
PFAFF,PF1400,
PFAFF,PF1442,
PFAFF,PF1445,
PFAFF,PF1446,
PFAFF,PF1455,
PFAFF,PF1461,
PFAFF,PF1467,
PFAFF,PF1469,
PFAFF,PF1471,
PFAFF,PF1472,
PFAFF,PF1473,
PFAFF,PF1475,
PFAFF,PF1500,
PFAFF,PF1520,
PFAFF,PF1526,
PFAFF,PF200,
PFAFF,PF2010,
PFAFF,PF2012,
PFAFF,PF2014,
PFAFF,PF2020,
PFAFF,PF2022,
PFAFF,PF2024,
PFAFF,PF2025,
PFAFF,PF2026,
PFAFF,PF2027,
PFAFF,PF2028,
PFAFF,PF2029,
PFAFF,PF2030,
PFAFF,PF2034,
PFAFF,PF2036,
PFAFF,PF2038,
PFAFF,PF204,
PFAFF,PF2040,
PFAFF,PF2042,
PFAFF,PF2044,
PFAFF,PF2046,
PFAFF,PF2048,
PFAFF,PF205,
PFAFF,PF2054,
PFAFF,PF2056,
PFAFF,PF2058,
PFAFF,PF206,
PFAFF,PF207,
PFAFF,PF208,
PFAFF,PF209,
PFAFF,PF210,
PFAFF,PF211,
PFAFF,PF2124,
PFAFF,PF213,
PFAFF,PF2134,
PFAFF,PF2136,
PFAFF,PF2140,
PFAFF,PF2142,
PFAFF,PF2144,
PFAFF,PF2146,
PFAFF,PF2170,
PFAFF,PF220,
PFAFF,PF229,
PFAFF,PF230,
PFAFF,PF239,
PFAFF,PF245,
PFAFF,PF259,
PFAFF,PF260,
PFAFF,PF262,
PFAFF,PF268,
PFAFF,PF269,
PFAFF,PF280,
PFAFF,PF290,
PFAFF,PF297,
PFAFF,PF30,
PFAFF,PF301,
PFAFF,PF303,
PFAFF,PF307,
PFAFF,PF308,
PFAFF,PF309,
PFAFF,PF330,
PFAFF,PF332,
PFAFF,PF333,
PFAFF,PF339,
PFAFF,PF345H,
PFAFF,PF346H,
PFAFF,PF350,
PFAFF,PF356,
PFAFF,PF36,
PFAFF,PF360,
PFAFF,PF362,
PFAFF,PF37,
PFAFF,PF38,
PFAFF,PF382,
PFAFF,PF4228,
PFAFF,PF4240,
PFAFF,PF4250,
PFAFF,PF4260,
PFAFF,PF471,
PFAFF,PF472,
PFAFF,PF473,
PFAFF,PF474,
PFAFF,PF475,
PFAFF,PF521,
PFAFF,PF541,
PFAFF,PF60,
PFAFF,PF6000,
PFAFF,PF603A,
PFAFF,PF6085,
PFAFF,PF6086,
PFAFF,PF6087,
PFAFF,PF6091,
PFAFF,PF6110,
PFAFF,PF6112,
PFAFF,PF6120,
PFAFF,PF6122,
PFAFF,PF6132,
PFAFF,PF6150,
PFAFF,PF6152,
PFAFF,PF6230,
PFAFF,PF6232,
PFAFF,PF6250,
PFAFF,PF6270,
PFAFF,PF646,
PFAFF,PF70,
PFAFF,PF7000,
PFAFF,PF721,
PFAFF,PF741,
PFAFF,PF7500,
PFAFF,PF7510,
PFAFF,PF7530,
PFAFF,PF7550,
PFAFF,PF7560,
PFAFF,PF7562,
PFAFF,PF7570,
PFAFF,PF759,
PFAFF,PF770,
PFAFF,PF80,
PFAFF,PF800,
PFAFF,PF875,
PFAFF,PF876,
PFAFF,PF90,
PFAFF,PF900,
PFAFF,PF905,
PFAFF,PF933,
PFAFF,PF947,
PFAFF,PF955,
PFAFF,PF970,
PFAFF,PF979,
PFAFF,PFAMB,
PFAFF,PFCR,
PFAFF,PFEXP,
PFAFF,PFHL603A,
PFAFF,PFHL604,
PFAFF2,PF4752,
PFAFF2,PF4760,
PFAFF2,PF4762,
PFAFF2,PF4764,
PFAFF2,PF4772,
PFAFF2,PF4842,
PFAFF2,PF4850,
PFAFF2,PF4852,
PFAFF2,PF4860,
PFAFF2,PF4862,
PFAFF2,PF4870,
PFAFF2,PF4872,
PFAFF2,PF4874,
PFAFF2,PF603,
PFAFF2,PF604,
PFAFF2,PF756,
PFAFF2,PF774,
PFAFF2,PF776,
PFAFF2,PF783,
PFAFF2,PF784,
PFAFF2,PF785,
PFAFF2,PF786,
PFAFF2,PF787,
PFAFF2,PF788,
PFAFF2,PF790,
PFAFF2,PF793,
PFAFF2,PF794,
PFAFF2,PF795,
PFAFF2,PF796,
PFAFF2,PF797,
PFAFF2,PF799,
PIN,PIN-1,
PIN,PIN-B,
PIN,PIN-BBL,
PIN,PIN-BR,
PIN,PIN-E,
PIN,PIN-K,
PIN,PIN-NH,
PIN,PIN-PF,
PIN,PIN-S,
PIN,PIN-V,
PIN,PIN-W,
PIN,PIN-Z,
PIN,PIN-Z2,
PIN,PIN-Z3,
PL,PL-M,
PL,PL-T,
PROMOTION,1,
PROMOTION,2,
PROMOTION,3,
PROMOTION,4,
RF,RF-C,
RICCAR,R1100,
RICCAR,R149,
RICCAR,R1900,
RICCAR,R1925,
RICCAR,R1926,
RICCAR,R200,
RICCAR,R220,
RICCAR,R225,
RICCAR,R225I,
RICCAR,R230,
RICCAR,R237,
RICCAR,R240,
RICCAR,R244,
RICCAR,R244I,
RICCAR,R245,
RICCAR,R245I,
RICCAR,R250,
RICCAR,R255,
RICCAR,R255I,
RICCAR,R2600,
RICCAR,R2800,
RICCAR,R2900,
RICCAR,R2910,
RICCAR,R2925,
RICCAR,R2950,
RICCAR,R3300,
RICCAR,R340,
RICCAR,R3400,
RICCAR,R3403DR,
RICCAR,R343D,
RICCAR,R3500,
RICCAR,R3600,
RICCAR,R3SR1,
RICCAR,R4001,
RICCAR,R4003,
RICCAR,R410,
RICCAR,R414,
RICCAR,R420,
RICCAR,R430,
RICCAR,R440,
RICCAR,R469FA,
RICCAR,R500,
RICCAR,R500FA,
RICCAR,R515,
RICCAR,R525,
RICCAR,R550,
RICCAR,R551,
RICCAR,R552,
RICCAR,R555,
RICCAR,R555FA,
RICCAR,R555SU,
RICCAR,R564DE,
RICCAR,R570,
RICCAR,R571,
RICCAR,R572,
RICCAR,R581,
RICCAR,R591,
RICCAR,R600,
RICCAR,R601,
RICCAR,R606,
RICCAR,R608,
RICCAR,R613,
RICCAR,R624,
RICCAR,R634DE,
RICCAR,R651,
RICCAR,R666,
RICCAR,R666FA,
RICCAR,R666SU,
RICCAR,R693,
RICCAR,R700,
RICCAR,R702,
RICCAR,R706,
RICCAR,R707,
RICCAR,R7500,
RICCAR,R7610,
RICCAR,R7620,
RICCAR,R777,
RICCAR,R800R,
RICCAR,R805,
RICCAR,R806,
RICCAR,R807,
RICCAR,R808,
RICCAR,R808E,
RICCAR,R8400,
RICCAR,R8500,
RICCAR,R888,
RICCAR,R900,
RICCAR,R906E,
RICCAR,R9150,
RICCAR,R9160,
RICCAR,R925,
RICCAR,R9600,
RICCAR,R9700,
RICCAR,R9800,
RICCAR,R9900,
RICCAR,RBH600,
RICCAR,RR1500,
RICCAR,RR1570,
RICCAR,RR1570FB,
RICCAR,RR1800,
RICCAR,RR1850,
RICCAR,RR1934,
RICCAR,RR1950,
RICCAR,RR200,
RICCAR,RR2050,
RICCAR,RR3100,
RICCAR,RR3200,
RICCAR,RR624E,
RICCAR,RR650,
RICCAR,RR724E,
RICCAR,RR749L,
RICCAR,RR750,
RICCAR,RR751,
RICCAR,RR916,
RICCAR,RR918,
RICCAR,RRE570,
RICCAR,RRE571,
RICCAR,RRE580,
RICCAR,RRE581,
RICCAR,RRE591,
RICCAR,RRE640,
RICCAR,RREC5900,
RICCAR,RREC6000,
RICCAR,RRL6,
RICCAR,RRL7,
RICCAR,RRL8,
RICCAR,RRM540,
RICCAR,RRM570,
RICCAR,RRM571,
RICCAR,RS02,
RICCAR,RS10,
RICCAR,RSW2145,
RICCAR,RSZ702,
RICCAR,RZ108B,
RICCAR2,RL330,
RICCAR2,RL330F,
RICCAR2,RL333,
RICCAR2,RL340,
RICCAR2,RL343,
RICCAR2,RL343D,
RICCAR2,RL343DR,
RICCAR2,RL564DE,
RICCAR2,RL603,
RICCAR2,RL613,
RICCAR2,RL613E,
RICCAR2,RL624,
RICCAR2,RL624E,
RICCAR2,RL624ED,
RICCAR2,RL634DE,
RICCAR2,RL634E,
RICCAR2,RL724E,
RICCAR2,RL734DE,
RICCAR2,RL7390DE,
RICCAR2,RL739DE,
RICCAR2,RL749L,
SCHMETZ,SCHMETZ-C,
SCHMETZ,SCHMETZ100,
SCP,B/CP-SCREW,
SCP,FD-PTS,
SCP,HK-PSDS2,
SCP,NDC-P,
SCP,NDS-P,
SCP,NP-SCREW,
SCP,SCP-FT,
SCP,SCP-LP,
SCP,SCP-NDB,
SCP,SCP-NUT,
SCP,SPG,
SCP,SWA,
SIMPLICIT2,SIMSL350,
SIMPLICIT2,SIMSL4300,
SIMPLICIT2,SIMSL4360E,
SIMPLICIT2,SIMSL4380B,
SIMPLICIT2,SIMSL4380E,
SIMPLICIT2,SIMSL4390E,
SIMPLICIT2,SIMSL500,
SIMPLICIT2,SIMSL550,
SIMPLICIT2,SIMSL600,
SIMPLICIT2,SIMSL660,
SIMPLICIT2,SIMSL700,
SIMPLICIT2,SIMSL800,
SIMPLICIT2,SIMSL803,
SIMPLICIT2,SIMSL804,
SIMPLICIT2,SIMSL804D,
SIMPLICIT2,SIMSL843,
SIMPLICIT2,SIMSL850,
SIMPLICIT2,SIMSL880,
SIMPLICIT2,SIMSL880D,
SIMPLICITY,SIMFA653,
SIMPLICITY,SIMFA693,
SIMPLICITY,SIMFA793,
SIMPLICITY,SIMS02,
SIMPLICITY,SIMS07,
SIMPLICITY,SIMS10,
SIMPLICITY,SIMS110,
SIMPLICITY,SIMS210,
SIMPLICITY,SIMSA02,
SIMPLICITY,SIMSA1100,
SIMPLICITY,SIMSA1500,
SIMPLICITY,SIMSA1600,
SIMPLICITY,SIMSA200,
SIMPLICITY,SIMSA2200,
SIMPLICITY,SIMSA2400,
SIMPLICITY,SIMSA2400L,
SIMPLICITY,SIMSE1,
SIMPLICITY,SIMSE2,
SIMPLICITY,SIMSE3,
SIMPLICITY,SIMSL1200,
SIMPLICITY,SIMSL1220,
SIMPLICITY,SIMSL1250,
SIMPLICITY,SIMSL1270,
SIMPLICITY,SIMSL1325,
SIMPLICITY,SIMSL1400,
SIMPLICITY,SIMSL237,
SIMPLICITY,SIMSL2507,
SIMPLICITY,SIMSL370,
SIMPLICITY,SIMSL390,
SIMPLICITY,SIMSL415,
SIMPLICITY,SIMSL430,
SIMPLICITY,SIMSL432,
SIMPLICITY,SIMSL43500,
SIMPLICITY,SIMSL4380,
SIMPLICITY,SIMSL4690L,
SIMPLICITY,SIMSL6150,
SIMPLICITY,SIMSL6220,
SIMPLICITY,SIMSL630,
SIMPLICITY,SIMSL640,
SIMPLICITY,SIMSL6950,
SIMPLICITY,SIMSL8020,
SIMPLICITY,SIMSL8030,
SIMPLICITY,SIMSL8130,
SIMPLICITY,SIMSL8220,
SIMPLICITY,SIMSL9000,
SIMPLICITY,SIMSL9130,
SIMPLICITY,SIMSL9150,
SIMPLICITY,SIMSL9240,
SIMPLICITY,SIMSW210,
SIMPLICITY,SIMSW2145,
SIMPLICITY,SIMSW240,
SINGER,SR-ST100,
SINGER,SR-ST200,
SINGER,SR-ST300,
SINGER,SR-ST400,
SINGER,SR-ST500,
SINGER,SR-ST600,
SINGER,SR-ST700,
SINGER,SR-ST800,
SINGER,SR-ST900,
SINGER,SR8500Q,
SINGER,SRCE100,
SINGER,SRCE150,
SINGER,SRCE200,
SINGER,SRCE250,
SINGER,SRCE350,
SINGER,SRCG500,
SINGER,SRCG550,
SINGER,SRCG590,
SINGER,SRCM17,
SINGER,SRDL17,
SINGER,SRE99670,
SINGER,SRFM17,
SINGER,SRFM17N,
SINGER,SRFM19,
SINGER,SRFM19N,
SINGER,SRFM21,
SINGER,SRFM22,
SINGER,SRFM22N,
SINGER,SRHD102,
SINGER,SRHD105,
SINGER,SRHD110,
SINGER,SRQ,
SINGER,SRSES1000,
SINGER,SRSES2000,
SINGER,SRSM14,
SINGER,SRXL400,
SINGER,SRXL550,
SINGER-SP,SRMP4,
SINGER-SP,SRMSP7,
SINGER-SP,SRMSP8,
SINGER2,SR10UJ13,
SINGER2,SR14CG744,
SINGER2,SR14CG754,
SINGER2,SR14J250,
SINGER2,SR14J334,
SINGER2,SR14SH644,
SINGER2,SR14SH654,
SINGER2,SR14SH744,
SINGER2,SR14SH754,
SINGER2,SR14T948DS,
SINGER2,SR14T957,
SINGER2,SR14T957DC,
SINGER2,SR14T968DC,
SINGER2,SR14U,
SINGER2,SR14U12,
SINGER2,SR14U13,
SINGER2,SR14U23,
SINGER2,SR14U234,
SINGER2,SR14U234B,
SINGER2,SR14U244,
SINGER2,SR14U244B,
SINGER2,SR14U285,
SINGER2,SR14U286,
SINGER2,SR14U32,
SINGER2,SR14U34,
SINGER2,SR14U344,
SINGER2,SR14U34B,
SINGER2,SR14U354,
SINGER2,SR14U44,
SINGER2,SR14U444,
SINGER2,SR14U445,
SINGER2,SR14U454,
SINGER2,SR14U455,
SINGER2,SR14U46,
SINGER2,SR14U52,
SINGER2,SR14U53,
SINGER2,SR14U53A,
SINGER2,SR14U544,
SINGER2,SR14U554,
SINGER2,SR14U555,
SINGER2,SR14U557,
SINGER2,SR14U594,
SINGER2,SR14U595,
SINGER2,SR14U64,
SINGER2,SR14U65,
SINGER2,SR14U85,
SINGER2,SR16U,
SR-ST100,SR100,
SR-ST100,SR1000G,
SR-ST100,SR1007,
SR-ST100,SR101,
SR-ST100,SR1012,
SR-ST100,SR1014,
SR-ST100,SR1019,
SR-ST100,SR1022,
SR-ST100,SR1025,
SR-ST100,SR1027,
SR-ST100,SR1030,
SR-ST100,SR1036,
SR-ST100,SR1040G,
SR-ST100,SR1060,
SR-ST100,SR1102,
SR-ST100,SR1105,
SR-ST100,SR1106,
SR-ST100,SR1107,
SR-ST100,SR1116,
SR-ST100,SR1120,
SR-ST100,SR1130,
SR-ST100,SR115,
SR-ST100,SR1160,
SR-ST100,SR117,
SR-ST100,SR118,
SR-ST100,SR1200,
SR-ST100,SR1200-1,
SR-ST100,SR1247,
SR-ST100,SR1263,
SR-ST100,SR127,
SR-ST100,SR128,
SR-ST100,SR1280,
SR-ST100,SR1288,
SR-ST100,SR132,
SR-ST100,SR1321,
SR-ST100,SR132Q,
SR-ST100,SR140Q,
SR-ST100,SR1411,
SR-ST100,SR1411N,
SR-ST100,SR1411U,
SR-ST100,SR1411W,
SR-ST100,SR1425,
SR-ST100,SR1425N,
SR-ST100,SR1425U,
SR-ST100,SR15-125,
SR-ST100,SR15-30,
SR-ST100,SR15-86,
SR-ST100,SR15-87,
SR-ST100,SR15-88,
SR-ST100,SR15-90,
SR-ST100,SR15-91,
SR-ST100,SR15-96,
SR-ST100,SR15-97,
SR-ST100,SR1500,
SR-ST100,SR1507,
SR-ST100,SR1525,
SR-ST100,SR160,
SR-ST100,SR1725,
SR-ST100,SR1732,
SR-ST100,SR1748,
SR-ST100,SR1802,
SR-ST100,SR1803,
SR-ST100,SR1812,
SR-ST100,SR182,
SR-ST100,SR183,
SR-ST100,SR185,
SR-ST100,SR1852,
SR-ST100,SR1853,
SR-ST100,SR185CL,
SR-ST100,SR1862,
SR-ST100,SR1872,
SR-ST100,SR1873,
SR-ST100,SR192,
SR-ST100,SR192K,
SR-ST200,SR200,
SR-ST200,SR2000,
SR-ST200,SR2001,
SR-ST200,SR2005,
SR-ST200,SR2009,
SR-ST200,SR201,
SR-ST200,SR2010,
SR-ST200,SR2050,
SR-ST200,SR206,
SR-ST200,SR206K,
SR-ST200,SR206W,
SR-ST200,SR2110,
SR-ST200,SR2112,
SR-ST200,SR212,
SR-ST200,SR217,
SR-ST200,SR221,
SR-ST200,SR2210,
SR-ST200,SR222,
SR-ST200,SR223,
SR-ST200,SR224,
SR-ST200,SR2250,
SR-ST200,SR2259,
SR-ST200,SR2263,
SR-ST200,SR227,
SR-ST200,SR2273,
SR-ST200,SR228,
SR-ST200,SR2300,
SR-ST200,SR2302,
SR-ST200,SR2303,
SR-ST200,SR2304,
SR-ST200,SR2313,
SR-ST200,SR2315,
SR-ST200,SR2330,
SR-ST200,SR237,
SR-ST200,SR239,
SR-ST200,SR240,
SR-ST200,SR2404,
SR-ST200,SR241,
SR-ST200,SR242,
SR-ST200,SR2430,
SR-ST200,SR2440,
SR-ST200,SR247,
SR-ST200,SR247AP,
SR-ST200,SR248,
SR-ST200,SR249,
SR-ST200,SR250,
SR-ST200,SR2502,
SR-ST200,SR2503,
SR-ST200,SR2504,
SR-ST200,SR2505,
SR-ST200,SR250SERS,
SR-ST200,SR2515,
SR-ST200,SR252,
SR-ST200,SR2530,
SR-ST200,SR2543,
SR-ST200,SR257,
SR-ST200,SR258,
SR-ST200,SR259,
SR-ST200,SR2623,
SR-ST200,SR263,
SR-ST200,SR2638,
SR-ST200,SR2639,
SR-ST200,SR2662,
SR-ST200,SR267,
SR-ST200,SR27,
SR-ST200,SR270,
SR-ST200,SR2712,
SR-ST200,SR2718,
SR-ST200,SR2722,
SR-ST200,SR2724,
SR-ST200,SR2730,
SR-ST200,SR2732,
SR-ST200,SR28,
SR-ST200,SR285,
SR-ST200,SR285K,
SR-ST200,SR288,
SR-ST200,SR290,
SR-ST200,SR292,
SR-ST200,SR2932,
SR-ST200,SR293B,
SR-ST200,SR2950,
SR-ST300,SR300,
SR-ST300,SR3001,
SR-ST300,SR3002,
SR-ST300,SR3003,
SR-ST300,SR3004,
SR-ST300,SR3005,
SR-ST300,SR301,
SR-ST300,SR3011,
SR-ST300,SR3012,
SR-ST300,SR3013,
SR-ST300,SR3014,
SR-ST300,SR3015,
SR-ST300,SR30215,
SR-ST300,SR30218,
SR-ST300,SR3023,
SR-ST300,SR30518,
SR-ST300,SR306,
SR-ST300,SR306K,
SR-ST300,SR3101,
SR-ST300,SR3102,
SR-ST300,SR3103,
SR-ST300,SR3105,
SR-ST300,SR3116,
SR-ST300,SR3130,
SR-ST300,SR319,
SR-ST300,SR320,
SR-ST300,SR3207,
SR-ST300,SR3208,
SR-ST300,SR3210,
SR-ST300,SR3214,
SR-ST300,SR322,
SR-ST300,SR3223,
SR-ST300,SR3229,
SR-ST300,SR327,
SR-ST300,SR3270,
SR-ST300,SR328,
SR-ST300,SR329,
SR-ST300,SR3314,
SR-ST300,SR3317,
SR-ST300,SR331K,
SR-ST300,SR3321,
SR-ST300,SR3323,
SR-ST300,SR3343,
SR-ST300,SR337,
SR-ST300,SR338,
SR-ST300,SR3400,
SR-ST300,SR347,
SR-ST300,SR348,
SR-ST300,SR350,
SR-ST300,SR3503,
SR-ST300,SR3507,
SR-ST300,SR3514,
SR-ST300,SR3515,
SR-ST300,SR3518,
SR-ST300,SR353,
SR-ST300,SR354,
SR-ST300,SR360,
SR-ST300,SR362,
SR-ST300,SR363,
SR-ST300,SR366,
SR-ST300,SR367,
SR-ST300,SR368,
SR-ST300,SR3709,
SR-ST300,SR3709A,
SR-ST300,SR3722,
SR-ST300,SR3722A,
SR-ST300,SR3810,
SR-ST300,SR3820,
SR-ST300,SR3825,
SR-ST300,SR3860,
SR-ST300,SR3962,
SR-ST400,SR400,
SR-ST400,SR4001,
SR-ST400,SR4002,
SR-ST400,SR4005,
SR-ST400,SR4006,
SR-ST400,SR4009,
SR-ST400,SR401,
SR-ST400,SR4011,
SR-ST400,SR4012,
SR-ST400,SR4015,
SR-ST400,SR4016,
SR-ST400,SR4019,
SR-ST400,SR4022,
SR-ST400,SR403,
SR-ST400,SR404,
SR-ST400,SR405,
SR-ST400,SR4102,
SR-ST400,SR411,
SR-ST400,SR413,
SR-ST400,SR413K,
SR-ST400,SR413K13,
SR-ST400,SR414,
SR-ST400,SR416,
SR-ST400,SR4166,
SR-ST400,SR416K,
SR-ST400,SR417,
SR-ST400,SR418,
SR-ST400,SR4205,
SR-ST400,SR4206,
SR-ST400,SR4210,
SR-ST400,SR4212,
SR-ST400,SR4220,
SR-ST400,SR4228,
SR-ST400,SR431,
SR-ST400,SR4325,
SR-ST400,SR4411,
SR-ST400,SR4423,
SR-ST400,SR447,
SR-ST400,SR448,
SR-ST400,SR4522,
SR-ST400,SR4525,
SR-ST400,SR4526,
SR-ST400,SR4528,
SR-ST400,SR4530,
SR-ST400,SR4538,
SR-ST400,SR4552,
SR-ST400,SR4562,
SR-ST400,SR457,
SR-ST400,SR4572,
SR-ST400,SR4600,
SR-ST400,SR4610,
SR-ST400,SR4613,
SR-ST400,SR4617,
SR-ST400,SR4620,
SR-ST400,SR4622,
SR-ST400,SR4623,
SR-ST400,SR466,
SR-ST400,SR4663,
SR-ST400,SR467,
SR-ST400,SR476,
SR-ST400,SR477,
SR-ST400,SR478,
SR-ST400,SR4825,
SR-ST400,SR4828,
SR-ST400,SR4830,
SR-ST400,SR498,
SR-ST500,SR500,
SR-ST500,SR5017,
SR-ST500,SR502,
SR-ST500,SR5028,
SR-ST500,SR503,
SR-ST500,SR5040,
SR-ST500,SR5050,
SR-ST500,SR507,
SR-ST500,SR5070,
SR-ST500,SR509,
SR-ST500,SR510,
SR-ST500,SR5101,
SR-ST500,SR5102,
SR-ST500,SR5107,
SR-ST500,SR5122,
SR-ST500,SR5123,
SR-ST500,SR5124,
SR-ST500,SR5127,
SR-ST500,SR513,
SR-ST500,SR5130,
SR-ST500,SR514,
SR-ST500,SR5140,
SR-ST500,SR5144,
SR-ST500,SR5147,
SR-ST500,SR5170,
SR-ST500,SR518,
SR-ST500,SR5180,
SR-ST500,SR522,
SR-ST500,SR527,
SR-ST500,SR530,
SR-ST500,SR531B,
SR-ST500,SR533,
SR-ST500,SR534,
SR-ST500,SR538,
SR-ST500,SR5413,
SR-ST500,SR5417,
SR-ST500,SR543,
SR-ST500,SR5430,
SR-ST500,SR547,
SR-ST500,SR5502,
SR-ST500,SR5504,
SR-ST500,SR5505,
SR-ST500,SR5508,
SR-ST500,SR5522,
SR-ST500,SR5524,
SR-ST500,SR5525,
SR-ST500,SR5528,
SR-ST500,SR560,
SR-ST500,SR5605,
SR-ST500,SR560SERS,
SR-ST500,SR5610,
SR-ST500,SR563,
SR-ST500,SR5705,
SR-ST500,SR5710,
SR-ST500,SR5750,
SR-ST500,SR57817,
SR-ST500,SR57817C,
SR-ST500,SR57820,
SR-ST500,SR57820C,
SR-ST500,SR57825,
SR-ST500,SR5802,
SR-ST500,SR5805,
SR-ST500,SR5806,
SR-ST500,SR5808,
SR-ST500,SR5810,
SR-ST500,SR5812,
SR-ST500,SR5814,
SR-ST500,SR5816,
SR-ST500,SR5817,
SR-ST500,SR5818,
SR-ST500,SR5820,
SR-ST500,SR5825,
SR-ST500,SR5828,
SR-ST500,SR5830,
SR-ST500,SR5838,
SR-ST500,SR588,
SR-ST500,SR591,
SR-ST500,SR5910,
SR-ST500,SR5932,
SR-ST600,SR600,
SR-ST600,SR600E,
SR-ST600,SR6011,
SR-ST600,SR6012,
SR-ST600,SR6017,
SR-ST600,SR6021,
SR-ST600,SR603,
SR-ST600,SR6038,
SR-ST600,SR604,
SR-ST600,SR604E,
SR-ST600,SR609,
SR-ST600,SR610,
SR-ST600,SR6100,
SR-ST600,SR6102,
SR-ST600,SR6104,
SR-ST600,SR6105,
SR-ST600,SR6106,
SR-ST600,SR611,
SR-ST600,SR6110,
SR-ST600,SR6120,
SR-ST600,SR6130,
SR-ST600,SR6136,
SR-ST600,SR6146,
SR-ST600,SR6152,
SR-ST600,SR6156,
SR-ST600,SR6174,
SR-ST600,SR6184,
SR-ST600,SR620,
SR-ST600,SR6200,
SR-ST600,SR6201,
SR-ST600,SR6202,
SR-ST600,SR620E31,
SR-ST600,SR6210,
SR-ST600,SR6211,
SR-ST600,SR6212,
SR-ST600,SR6213,
SR-ST600,SR6214,
SR-ST600,SR6215,
SR-ST600,SR6217,
SR-ST600,SR6221,
SR-ST600,SR6223,
SR-ST600,SR6233,
SR-ST600,SR6234,
SR-ST600,SR6235,
SR-ST600,SR6239,
SR-ST600,SR625,
SR-ST600,SR6250,
SR-ST600,SR6251,
SR-ST600,SR6254,
SR-ST600,SR626,
SR-ST600,SR6267,
SR-ST600,SR6268,
SR-ST600,SR6278,
SR-ST600,SR628,
SR-ST600,SR629,
SR-ST600,SR630,
SR-ST600,SR6305,
SR-ST600,SR630E,
SR-ST600,SR630E31,
SR-ST600,SR6310,
SR-ST600,SR6314,
SR-ST600,SR6318,
SR-ST600,SR635,
SR-ST600,SR635E3,
SR-ST600,SR635E6,
SR-ST600,SR635E7,
SR-ST600,SR636,
SR-ST600,SR638,
SR-ST600,SR639,
SR-ST600,SR640,
SR-ST600,SR6408,
SR-ST600,SR640E,
SR-ST600,SR6412,
SR-ST600,SR6416,
SR-ST600,SR6423,
SR-ST600,SR645,
SR-ST600,SR646,
SR-ST600,SR648,
SR-ST600,SR649,
SR-ST600,SR650,
SR-ST600,SR6500,
SR-ST600,SR6510,
SR-ST600,SR6513,
SR-ST600,SR6522,
SR-ST600,SR6528,
SR-ST600,SR6533,
SR-ST600,SR6543,
SR-ST600,SR6544,
SR-ST600,SR6548,
SR-ST600,SR6550,
SR-ST600,SR66,
SR-ST600,SR66-16,
SR-ST600,SR66-6,
SR-ST600,SR6606,
SR-ST600,SR6620,
SR-ST600,SR6700,
SR-ST600,SR6704,
SR-ST600,SR6705,
SR-ST600,SR675,
SR-ST600,SR680,
SR-ST600,SR6800,
SR-ST600,SR690,
SR-ST600,SR698,
SR-ST700,SR700,
SR-ST700,SR7000,
SR-ST700,SR7004,
SR-ST700,SR7005,
SR-ST700,SR7015,
SR-ST700,SR702,
SR-ST700,SR7021,
SR-ST700,SR7025,
SR-ST700,SR7027,
SR-ST700,SR7028,
SR-ST700,SR7033,
SR-ST700,SR7037,
SR-ST700,SR7043,
SR-ST700,SR7050,
SR-ST700,SR706,
SR-ST700,SR7060,
SR-ST700,SR708,
SR-ST700,SR7100,
SR-ST700,SR7101,
SR-ST700,SR7102,
SR-ST700,SR7104,
SR-ST700,SR7105,
SR-ST700,SR7106,
SR-ST700,SR7108,
SR-ST700,SR7110,
SR-ST700,SR7136,
SR-ST700,SR714,
SR-ST700,SR714SC,
SR-ST700,SR717,
SR-ST700,SR7174,
SR-ST700,SR717SC,
SR-ST700,SR7180,
SR-ST700,SR719,
SR-ST700,SR720,
SR-ST700,SR7211,
SR-ST700,SR7212,
SR-ST700,SR722,
SR-ST700,SR724,
SR-ST700,SR7256,
SR-ST700,SR7258,
SR-ST700,SR726,
SR-ST700,SR728,
SR-ST700,SR7285Q,
SR-ST700,SR7310,
SR-ST700,SR7312,
SR-ST700,SR7322,
SR-ST700,SR734,
SR-ST700,SR7350,
SR-ST700,SR7350-1,
SR-ST700,SR7360,
SR-ST700,SR737,
SR-ST700,SR7380,
SR-ST700,SR740,
SR-ST700,SR7422,
SR-ST700,SR7424,
SR-ST700,SR7426,
SR-ST700,SR7430,
SR-ST700,SR7436,
SR-ST700,SR7442,
SR-ST700,SR7444,
SR-ST700,SR7446,
SR-ST700,SR7462,
SR-ST700,SR7463,
SR-ST700,SR7464,
SR-ST700,SR7465,
SR-ST700,SR7466,
SR-ST700,SR7467,
SR-ST700,SR7468,
SR-ST700,SR7469,
SR-ST700,SR7469Q,
SR-ST700,SR7470,
SR-ST700,SR750,
SR-ST700,SR755,
SR-ST700,SR756,
SR-ST700,SR758,
SR-ST700,SR760,
SR-ST700,SR772,
SR-ST700,SR774,
SR-ST700,SR775,
SR-ST700,SR776,
SR-ST700,SR778,
SR-ST800,SR800,
SR-ST800,SR8002,
SR-ST800,SR8007,
SR-ST800,SR8019,
SR-ST800,SR802,
SR-ST800,SR807,
SR-ST800,SR809,
SR-ST800,SR810,
SR-ST800,SR8100,
SR-ST800,SR813,
SR-ST800,SR8132,
SR-ST800,SR814,
SR-ST800,SR818,
SR-ST800,SR8200,
SR-ST800,SR822,
SR-ST800,SR8220,
SR-ST800,SR824,
SR-ST800,SR827,
SR-ST800,SR8280,
SR-ST800,SR830,
SR-ST800,SR833,
SR-ST800,SR834,
SR-ST800,SR838,
SR-ST800,SR844,
SR-ST800,SR8500,
SR-ST800,SR8510,
SR-ST800,SR860,
SR-ST800,SR8600,
SR-ST800,SR8700,
SR-ST800,SR8734,
SR-ST800,SR8763,
SR-ST800,SR8770,
SR-ST800,SR8774,
SR-ST800,SR8780,
SR-ST800,SR8834,
SR-ST900,SR900,
SR-ST900,SR9000,
SR-ST900,SR9005,
SR-ST900,SR9008,
SR-ST900,SR9010,
SR-ST900,SR9015,
SR-ST900,SR9018,
SR-ST900,SR9020,
SR-ST900,SR9022,
SR-ST900,SR9027,
SR-ST900,SR903,
SR-ST900,SR9030,
SR-ST900,SR9032,
SR-ST900,SR9033,
SR-ST900,SR9034,
SR-ST900,SR9044,
SR-ST900,SR910,
SR-ST900,SR9100,
SR-ST900,SR9110,
SR-ST900,SR9113,
SR-ST900,SR9114,
SR-ST900,SR9117,
SR-ST900,SR9124,
SR-ST900,SR9130,
SR-ST900,SR9133,
SR-ST900,SR9134,
SR-ST900,SR9137,
SR-ST900,SR9143,
SR-ST900,SR920,
SR-ST900,SR9200,
SR-ST900,SR9210,
SR-ST900,SR9217,
SR-ST900,SR9224,
SR-ST900,SR9240,
SR-ST900,SR925,
SR-ST900,SR930,
SR-ST900,SR9323,
SR-ST900,SR9334,
SR-ST900,SR935U,
SR-ST900,SR9400,
SR-ST900,SR9408,
SR-ST900,SR9410,
SR-ST900,SR9416,
SR-ST900,SR9417,
SR-ST900,SR9420,
SR-ST900,SR9423,
SR-ST900,SR9430,
SR-ST900,SR9432,
SR-ST900,SR9440,
SR-ST900,SR9444,
SR-ST900,SR9500,
SR-ST900,SR9502,
SR-ST900,SR9505,
SR-ST900,SR9518,
SR-ST900,SR9600,
SR-ST900,SR9602,
SR-ST900,SR9605,
SR-ST900,SR9606,
SR-ST900,SR9608,
SR-ST900,SR9610,
SR-ST900,SR9612,
SR-ST900,SR9614,
SR-ST900,SR9618,
SR-ST900,SR9800,
SR-ST900,SR9802,
SR-ST900,SR9803,
SR-ST900,SR9805,
SR-ST900,SR9806,
SR-ST900,SR9808,
SR-ST900,SR9810,
SR-ST900,SR9812,
SR-ST900,SR9814,
SR-ST900,SR9816,
SR-ST900,SR9818,
SR-ST900,SR9824,
SR-ST900,SR9828,
SR-ST900,SR9832,
SR-ST900,SR9836,
SR-ST900,SR99,
SR-ST900,SR99-13,
SR-ST900,SR9900,
SR-ST900,SR9910,
SR-ST900,SR9920,
SR-ST900,SR9936,
SR-ST900,SR9940,
SR-ST900,SR995D2,
SR-ST900,SR9960,
SR-ST900,SR996D2,
SR-ST900,SR9970,
SR-ST900,SR9985,
SR-ST900,SR99K,
SRQ,SRCXL,
SRQ,SRDECOR,
SRQ,SRDSX,
SRQ,SRDSX II,
SRQ,SRDX-14C,
SRQ,SRDX14,
SRQ,SRLE,
SRQ,SRXL1,
SRQ,SRXL10,
SRQ,SRXL100,
SRQ,SRXL1000,
SRQ,SRXL150,
SRQ,SRXL2021,
SRQ,SRXL3400,
SRQ,SRXL50,
SRQ,SRXL5000,
SRQ,SRXL6000,
TH&SB,FBSB,
TH&SB,THREAD,
THREAD,NT-A,
THREAD,NTAL,
THREAD,NTCC,
THREAD,NTMI,
THREAD,NTMT,
THREAD,NTNY,
THREAD,NTSK,
TS,TS-BR,
TS,TS-K,
TS,TS-NH,
TS,TS-P,
TS,TS-S,
TS,TS-V,
TS,TS-W,
TS-P,SPG-TS,
TS-P,SWA-TS,
TS-P,TS-PDIAL,
TS-P,TS-PDISK,
TS-P,TS-PGUIDE,
TS-P,TS-PSPG,
TS-PSPG,TS-P-B,
TS-PSPG,TS-P-BBL,
TS-PSPG,TS-P-BR,
TS-PSPG,TS-P-E,
TS-PSPG,TS-P-K,
TS-PSPG,TS-P-NE,
TS-PSPG,TS-P-NH,
TS-PSPG,TS-P-PF,
TS-PSPG,TS-P-S,
TS-PSPG,TS-P-V,
TS-PSPG,TS-P-W,
VDESN,VDESG1,
VDESN,VDESG2,
VDESN,VDESGD,
VDESN,VDESGRUBY,
VDESN,VDESGSE,
VDESN,VQUILT I,
VDESN,VQUILT II,
VDESN,VTOPAZ,
VHUSKYSTAR,V207,
VHUSKYSTAR,V215,
VHUSKYSTAR,V219,
VHUSKYSTAR,V224,
VHUSKYSTAR,VE10,
VHUSKYSTAR,VE20,
VIKING,V#1,
VIKING,V#1+,
VIKING,V100,
VIKING,V1002L,
VIKING,V1003L,
VIKING,V1010,
VIKING,V1020,
VIKING,V1030,
VIKING,V1040,
VIKING,V105,
VIKING,V1050,
VIKING,V1060,
VIKING,V1070,
VIKING,V1090,
VIKING,V1100,
VIKING,V1122,
VIKING,V1132,
VIKING,V1140,
VIKING,V1142,
VIKING,V1149,
VIKING,V116,
VIKING,V118,
VIKING,V120,
VIKING,V1200,
VIKING,V122,
VIKING,V1250,
VIKING,V140,
VIKING,V145,
VIKING,V150,
VIKING,V1500,
VIKING,V160,
VIKING,V1610,
VIKING,V165,
VIKING,V170,
VIKING,V180,
VIKING,V183,
VIKING,V185,
VIKING,V190,
VIKING,V20,
VIKING,V2000,
VIKING,V205,
VIKING,V208,
VIKING,V209,
VIKING,V21,
VIKING,V210,
VIKING,V211,
VIKING,V212,
VIKING,V213,
VIKING,V214,
VIKING,V21E,
VIKING,V220,
VIKING,V225,
VIKING,V230,
VIKING,V234,
VIKING,V250,
VIKING,V2780,
VIKING,V2800,
VIKING,V2840,
VIKING,V2870,
VIKING,V290,
VIKING,V300E,
VIKING,V3010,
VIKING,V305,
VIKING,V310,
VIKING,V315,
VIKING,V320,
VIKING,V3230,
VIKING,V3240,
VIKING,V325,
VIKING,V330,
VIKING,V335,
VIKING,V350,
VIKING,V3610,
VIKING,V3800,
VIKING,V3900,
VIKING,V400,
VIKING,V4020,
VIKING,V4100,
VIKING,V415,
VIKING,V425,
VIKING,V4300,
VIKING,V444,
VIKING,V445,
VIKING,V4500,
VIKING,V4700,
VIKING,V49,
VIKING,V4900,
VIKING,V500,
VIKING,V51,
VIKING,V52,
VIKING,V5230,
VIKING,V540,
VIKING,V5430,
VIKING,V545,
VIKING,V550,
VIKING,V555,
VIKING,V560E,
VIKING,V5610,
VIKING,V5710,
VIKING,V600,
VIKING,V6000,
VIKING,V6010,
VIKING,V6020,
VIKING,V6030,
VIKING,V605,
VIKING,V610,
VIKING,V6170,
VIKING,V620,
VIKING,V6230,
VIKING,V6240,
VIKING,V6260,
VIKING,V6270,
VIKING,V630,
VIKING,V630NS,
VIKING,V6360,
VIKING,V6370,
VIKING,V6400,
VIKING,V6430,
VIKING,V6440,
VIKING,V6450,
VIKING,V6460,
VIKING,V6470,
VIKING,V6500,
VIKING,V6570,
VIKING,V660,
VIKING,V6600,
VIKING,V6640,
VIKING,V6690,
VIKING,V70,
VIKING,V8800,
VIKING,V90,
VIKING,V935,
VIKING,V940,
VIKING,V945,
VIKING,V95,
VIKING,V950,
VIKING,V960,
VIKING,V980,
VIKING,V990,
VIKING,V990S,
VIKING,VC10,
VIKING,VC20,
VIKING,VDESN,
VIKING,VEM10,
VIKING,VHUSKYSTAR,
VIKING,VIRIS,
VIKING,VLISA,
VIKING,VM530,
VIKING,VM560,
VIKING,VM560ED,
VIKING,VMEGA,
VIKING,VPLATINUM,
VIKING,VSACAND,
VIKING,VSAPPHIRE,
VIKING,VVICT,
VIKING,VVIVA,
VIKING-S,V1000,
VIKING-S,V1000L,
VIKING-S,V1001L,
VIKING-S,V1002L,
VIKING-S,V1002LCD,
VIKING-S,V1003L,
VIKING-S,V1003LCD,
VIKING-S,V234D,
VIKING-S,V3.0,
VIKING-S,V300,
VIKING-S,V340,
VIKING-S,V3400,
VIKING-S,V340D,
VIKING-S,V341,
VIKING-S,V341D,
VIKING-S,V4.0,
VIKING-S,V430,
VIKING-S,V431,
VIKING-S,V435,
VIKING-S,V435C,
VIKING-S,V435D,
VIKING-S,V440,
VIKING-S,V441,
VIKING-S,V530,
VIKING-S,V535,
VIKING-S,V535C,
VIKING-S,V535D,
VIKING-S,V560,
VIKING-S,V560ED,
VIKING-S,V560EDT,
VIKING-S,V650ED,
VIKING-S,V660,
VIKING-S,V660CD,
VIKING-S,V680CD,
VIKING-S,V700,
VIKING-S,V800,
VIKING-S,V900,
VIKING-S,V901,
VIKING-S,V905,
VIKING-S,V910,
VIKING-S,V935,
VIKING-S,V936,
VIKING-S,VS21,
VIKING-S,VS25,
VPLATINUM,V715,
VPLATINUM,V730,
VPLATINUM,V735,
VPLATINUM,V750,
VPLATINUM,V755,
VPLATINUM,V770,
VPLATINUM,V775,
VPLATINUM,V950E,
VPLATINUM,V955E,
VPLATINUM,VPLUS,
VSACAND,V100S,
VSACAND,V200,
VSACAND,V300S,
VSACAND,V400S,
VSAPPHIRE,V830,
VSAPPHIRE,V835,
VSAPPHIRE,V850,
VSAPPHIRE,V855,
VSAPPHIRE,V870,
VSAPPHIRE,V875,
VSAPPHIRE,VOSCAR,
WHITE,W1001L,
WHITE,W1010,
WHITE,W1033,
WHITE,W1044,
WHITE,W106,
WHITE,W1065,
WHITE,W1066,
WHITE,W1077,
WHITE,W1079,
WHITE,W1080,
WHITE,W1088,
WHITE,W1099,
WHITE,W1111,
WHITE,W1122,
WHITE,W1132,
WHITE,W1142,
WHITE,W1164,
WHITE,W1166,
WHITE,W1202,
WHITE,W1210,
WHITE,W1265,
WHITE,W1315,
WHITE,W134,
WHITE,W1365,
WHITE,W1405,
WHITE,W1407,
WHITE,W1409,
WHITE,W1410,
WHITE,W1411,
WHITE,W1415,
WHITE,W1418,
WHITE,W1425,
WHITE,W1455,
WHITE,W1465,
WHITE,W1466,
WHITE,W1470,
WHITE,W1477,
WHITE,W1488,
WHITE,W1499,
WHITE,W1505,
WHITE,W151,
WHITE,W1510,
WHITE,W1514,
WHITE,W1515,
WHITE,W1517,
WHITE,W1523,
WHITE,W1525,
WHITE,W1527,
WHITE,W153,
WHITE,W1563,
WHITE,W1570,
WHITE,W1577,
WHITE,W1588,
WHITE,W1599,
WHITE,W162,
WHITE,W1620,
WHITE,W1630,
WHITE,W1632,
WHITE,W164,
WHITE,W165,
WHITE,W1655,
WHITE,W166,
WHITE,W1665,
WHITE,W1666,
WHITE,W167,
WHITE,W1680,
WHITE,W1710,
WHITE,W1717,
WHITE,W173,
WHITE,W1730,
WHITE,W1740,
WHITE,W1750,
WHITE,W1755,
WHITE,W1760,
WHITE,W1762,
WHITE,W1766,
WHITE,W1776,
WHITE,W1777,
WHITE,W1780,
WHITE,W1787,
WHITE,W1788,
WHITE,W1805,
WHITE,W1810,
WHITE,W184,
WHITE,W1855,
WHITE,W1866,
WHITE,W1888,
WHITE,W1899,
WHITE,W1911,
WHITE,W1919,
WHITE,W1927,
WHITE,W1934,
WHITE,W1955,
WHITE,W1977,
WHITE,W1999,
WHITE,W2031,
WHITE,W2037,
WHITE,W207,
WHITE,W2134,
WHITE,W2135,
WHITE,W2137,
WHITE,W215,
WHITE,W219,
WHITE,W2200,
WHITE,W221,
WHITE,W221N,
WHITE,W2220,
WHITE,W2221,
WHITE,W2222,
WHITE,W2235,
WHITE,W2237,
WHITE,W224,
WHITE,W230,
WHITE,W2334,
WHITE,W2335,
WHITE,W2337,
WHITE,W2360,
WHITE,W246R,
WHITE,W2535,
WHITE,W2536,
WHITE,W261,
WHITE,W262,
WHITE,W263,
WHITE,W264,
WHITE,W265,
WHITE,W270,
WHITE,W280,
WHITE,W2838,
WHITE,W290,
WHITE,W2932,
WHITE,W2999,
WHITE,W299D,
WHITE,W300,
WHITE,W301,
WHITE,W303,
WHITE,W305,
WHITE,W3051,
WHITE,W3052,
WHITE,W3077,
WHITE,W31,
WHITE,W310,
WHITE,W312,
WHITE,W322,
WHITE,W323,
WHITE,W3300,
WHITE,W3354,
WHITE,W3355,
WHITE,W3356,
WHITE,W3365,
WHITE,W340,
WHITE,W341,
WHITE,W346,
WHITE,W3500,
WHITE,W3554,
WHITE,W363,
WHITE,W364,
WHITE,W365,
WHITE,W3652,
WHITE,W366,
WHITE,W370,
WHITE,W3851,
WHITE,W3854,
WHITE,W3900,
WHITE,W3954,
WHITE,W3955,
WHITE,W4000,
WHITE,W4031,
WHITE,W404,
WHITE,W4040,
WHITE,W4041,
WHITE,W4042,
WHITE,W4075,
WHITE,W41,
WHITE,W415,
WHITE,W423,
WHITE,W426,
WHITE,W43,
WHITE,W431,
WHITE,W4400,
WHITE,W4428,
WHITE,W447,
WHITE,W4500,
WHITE,W455,
WHITE,W463,
WHITE,W464,
WHITE,W465,
WHITE,W466,
WHITE,W468,
WHITE,W472,
WHITE,W477,
WHITE,W4910,
WHITE,W499,
WHITE,W500,
WHITE,W5000,
WHITE,W505,
WHITE,W510,
WHITE,W5101,
WHITE,W5103,
WHITE,W5134,
WHITE,W5155,
WHITE,W5215,
WHITE,W524,
WHITE,W527,
WHITE,W528,
WHITE,W529,
WHITE,W530,
WHITE,W533,
WHITE,W535,
WHITE,W5437,
WHITE,W5438,
WHITE,W5439,
WHITE,W5500,
WHITE,W564,
WHITE,W565,
WHITE,W566,
WHITE,W568,
WHITE,W573,
WHITE,W578,
WHITE,W5820,
WHITE,W5823,
WHITE,W5839,
WHITE,W599,
WHITE,W603,
WHITE,W609,
WHITE,W610,
WHITE,W611,
WHITE,W612,
WHITE,W614,
WHITE,W617,
WHITE,W618,
WHITE,W620,
WHITE,W622,
WHITE,W625,
WHITE,W626,
WHITE,W628,
WHITE,W629,
WHITE,W639,
WHITE,W640,
WHITE,W641,
WHITE,W644,
WHITE,W645,
WHITE,W6477,
WHITE,W6478,
WHITE,W6479,
WHITE,W651,
WHITE,W656,
WHITE,W660,
WHITE,W664,
WHITE,W666,
WHITE,W667,
WHITE,W669,
WHITE,W670,
WHITE,W671,
WHITE,W672,
WHITE,W673,
WHITE,W674,
WHITE,W675,
WHITE,W683,
WHITE,W685,
WHITE,W690,
WHITE,W693FA,
WHITE,W700,
WHITE,W7000,
WHITE,W7011,
WHITE,W7012,
WHITE,W7013,
WHITE,W710,
WHITE,W713,
WHITE,W725,
WHITE,W740,
WHITE,W75,
WHITE,W750,
WHITE,W762,
WHITE,W763,
WHITE,W764,
WHITE,W765,
WHITE,W766,
WHITE,W769,
WHITE,W77,
WHITE,W7700,
WHITE,W777,
WHITE,W782,
WHITE,W793,
WHITE,W80,
WHITE,W8000,
WHITE,W801,
WHITE,W802,
WHITE,W804,
WHITE,W816,
WHITE,W834,
WHITE,W840,
WHITE,W841,
WHITE,W844,
WHITE,W8500,
WHITE,W8600,
WHITE,W869,
WHITE,W870,
WHITE,W8800,
WHITE,W888,
WHITE,W8910,
WHITE,W8923,
WHITE,W893,
WHITE,W8931,
WHITE,W8932,
WHITE,W8933,
WHITE,W899,
WHITE,W933,
WHITE,W935,
WHITE,W941,
WHITE,W944,
WHITE,W949,
WHITE,W954,
WHITE,W955,
WHITE,W967,
WHITE,W970,
WHITE,W972,
WHITE,W976,
WHITE,W977,
WHITE,W979,
WHITE,W9800,
WHITE,W988,
WHITE,W9951,
WHITE,W999,
WHITE,WESP4000,
WHITE,WET10,
WHITE,WET6,
WHITE-O,W1500,
WHITE-O,W1600,
WHITE-O,W1634,
WHITE-O,W1800,
WHITE-O,W1900,
WHITE-O,W1934,
WHITE-O,W1934D,
WHITE-O,W2000,
WHITE-O,W206,
WHITE-O,W208,
WHITE-O,W216,
WHITE-O,W228,
WHITE-O,W234DE,
WHITE-O,W299D,
WHITE-O,W4500,
WHITE-O,W503,
WHITE-O,W504,
WHITE-O,W523,
WHITE-O,W534,
WHITE-O,W534D,
WHITE-O,W634D,
WHITE-O,W7234,
WHITE-O,W734,
WHITE-O,W7340,
WHITE-O,W734D,
WHITE-O,W734DW,
WHITE-O,W7934DW,
WHITE-O,W793WD,
WHITE-O,W8234,
WHITE-O,W834,
WHITE-O,W834D,
WHITE-O,W834DW,
WHITE-O,W905,
WHITE-O,W910,
WHITE-O,WS34,
WHITE-O,WS34D,
WHITE-O,WSL234,
WHITE-O,WSL234D,
WHITE-O,WSL34,
WHITE-O,WSL34D,
XEURO,EP100-545,
XEURO,EP100-546,
XEURO,EP550,
XEURO,EP9101,
